trade_date,pnl_eod,contract
2025-04-08,3.39,NVDA2517P100
2025-04-09,0.91,NVDA2517P100
2025-04-10,0.52,NVDA2517P100
2025-04-11,-1.11,NVDA2517P100
2025-04-14,0.03,NVDA2517P100
2025-04-15,-0.32,NVDA2517P100
2025-04-16,-0.47,NVDA2517P100
2025-04-17,-0.21,NVDA2517P100
2025-03-27,-0.22,NVDA2517P101
2025-03-28,0.31,NVDA2517P101
2025-03-31,-1.53,NVDA2517P101
2025-04-01,-1.54,NVDA2517P101
2025-04-02,-0.96,NVDA2517P101
2025-04-03,0.49,NVDA2517P101
2025-04-04,3.15,NVDA2517P101
2025-04-07,-7.25,NVDA2517P101
2025-04-08,4.0,NVDA2517P101
2025-04-09,-5.5,NVDA2517P101
2025-04-10,0.54,NVDA2517P101
2025-04-11,-1.14,NVDA2517P101
2025-04-14,0.04,NVDA2517P101
2025-04-15,0.1,NVDA2517P101
2025-04-16,-0.59,NVDA2517P101
2025-04-17,0.01,NVDA2517P101
2025-04-07,-6.75,NVDA2517P102
2025-04-08,4.45,NVDA2517P102
2025-04-09,-7.02,NVDA2517P102
2025-04-10,0.63,NVDA2517P102
2025-04-11,-1.19,NVDA2517P102
2025-04-14,0.09,NVDA2517P102
2025-04-15,0.12,NVDA2517P102
2025-04-16,-0.23,NVDA2517P102
2025-04-17,0.02,NVDA2517P102
2025-04-07,-7.85,NVDA2517P103
2025-04-08,4.19,NVDA2517P103
2025-04-09,-6.55,NVDA2517P103
2025-04-10,0.72,NVDA2517P103
2025-04-11,-1.32,NVDA2517P103
2025-04-14,0.14,NVDA2517P103
2025-04-15,-0.55,NVDA2517P103
2025-04-16,-1.75,NVDA2517P103
2025-04-17,0.78,NVDA2517P103
2025-04-07,-8.05,NVDA2517P104
2025-04-08,4.59,NVDA2517P104
2025-04-09,-6.86,NVDA2517P104
2025-04-10,0.75,NVDA2517P104
2025-04-11,-1.41,NVDA2517P104
2025-04-14,0.2,NVDA2517P104
2025-04-15,-0.63,NVDA2517P104
2025-04-16,-0.74,NVDA2517P104
2025-04-17,1.43,NVDA2517P104
2024-11-08,0.1,NVDA2517P105
2024-11-11,0.1,NVDA2517P105
2024-11-12,-0.21,NVDA2517P105
2024-11-13,-0.11,NVDA2517P105
2024-11-14,-0.3,NVDA2517P105
2024-11-15,0.5,NVDA2517P105
2024-11-18,-0.7,NVDA2517P105
2024-11-19,-0.66,NVDA2517P105
2024-11-20,-0.05,NVDA2517P105
2024-11-21,0.24,NVDA2517P105
2024-11-22,0.19,NVDA2517P105
2024-11-25,0.35,NVDA2517P105
2024-11-26,0.0,NVDA2517P105
2024-11-27,-0.25,NVDA2517P105
2024-11-29,-0.4,NVDA2517P105
2024-12-02,-0.09,NVDA2517P105
2024-12-03,-0.21,NVDA2517P105
2024-12-04,-0.34,NVDA2517P105
2024-12-05,0.08,NVDA2517P105
2024-12-06,0.18,NVDA2517P105
2024-12-09,-0.02,NVDA2517P105
2024-12-10,0.64,NVDA2517P105
2024-12-11,-0.33,NVDA2517P105
2024-12-12,-0.19,NVDA2517P105
2024-12-13,0.6,NVDA2517P105
2024-12-16,-0.25,NVDA2517P105
2024-12-17,-0.3,NVDA2517P105
2024-12-18,1.1,NVDA2517P105
2024-12-19,0.34,NVDA2517P105
2024-12-20,-1.1,NVDA2517P105
2024-12-23,-0.46,NVDA2517P105
2024-12-24,0.0,NVDA2517P105
2024-12-26,0.02,NVDA2517P105
2024-12-27,0.04,NVDA2517P105
2024-12-30,-0.25,NVDA2517P105
2024-12-31,0.1,NVDA2517P105
2025-01-02,-0.13,NVDA2517P105
2025-01-03,-0.25,NVDA2517P105
2025-01-06,1.95,NVDA2517P105
2025-01-07,2.61,NVDA2517P105
2025-01-08,0.0,NVDA2517P105
2025-01-10,-0.35,NVDA2517P105
2025-01-13,-0.81,NVDA2517P105
2025-01-14,0.5,NVDA2517P105
2025-01-15,-0.66,NVDA2517P105
2025-01-16,0.13,NVDA2517P105
2025-01-17,-0.11,NVDA2517P105
2025-01-21,-0.29,NVDA2517P105
2025-01-22,-0.12,NVDA2517P105
2025-01-23,-0.16,NVDA2517P105
2025-01-24,0.4,NVDA2517P105
2025-01-27,1.0,NVDA2517P105
2025-01-28,-2.15,NVDA2517P105
2025-01-29,1.8,NVDA2517P105
2025-01-30,0.15,NVDA2517P105
2025-01-31,1.0,NVDA2517P105
2025-02-03,-1.11,NVDA2517P105
2025-02-04,-1.11,NVDA2517P105
2025-02-05,-0.96,NVDA2517P105
2025-02-06,-0.5,NVDA2517P105
2025-02-07,0.08,NVDA2517P105
2025-02-10,-0.83,NVDA2517P105
2025-02-11,-0.13,NVDA2517P105
2025-02-12,-0.34,NVDA2517P105
2025-02-13,-0.38,NVDA2517P105
2025-02-14,-0.32,NVDA2517P105
2025-02-18,0.14,NVDA2517P105
2025-02-19,-0.05,NVDA2517P105
2025-02-20,-0.1,NVDA2517P105
2025-02-21,0.72,NVDA2517P105
2025-02-24,0.99,NVDA2517P105
2025-02-25,0.62,NVDA2517P105
2025-02-26,-0.55,NVDA2517P105
2025-02-27,2.3,NVDA2517P105
2025-02-28,-1.77,NVDA2517P105
2025-03-03,2.57,NVDA2517P105
2025-03-04,-2.0,NVDA2517P105
2025-03-05,-0.61,NVDA2517P105
2025-03-06,0.75,NVDA2517P105
2025-03-07,-1.05,NVDA2517P105
2025-03-10,1.2,NVDA2517P105
2025-03-11,-0.96,NVDA2517P105
2025-03-12,-0.5,NVDA2517P105
2025-03-13,0.04,NVDA2517P105
2025-03-14,-1.13,NVDA2517P105
2025-03-17,0.15,NVDA2517P105
2025-03-18,0.25,NVDA2517P105
2025-03-19,1.81,NVDA2517P105
2025-03-20,-0.58,NVDA2517P105
2025-03-21,-0.5,NVDA2517P105
2025-03-24,-0.34,NVDA2517P105
2025-03-25,-0.09,NVDA2517P105
2025-03-26,0.39,NVDA2517P105
2025-03-27,-0.24,NVDA2517P105
2025-03-28,0.52,NVDA2517P105
2025-03-31,-2.0,NVDA2517P105
2025-04-01,2.31,NVDA2517P105
2025-04-02,-1.31,NVDA2517P105
2025-04-03,0.09,NVDA2517P105
2025-04-04,3.79,NVDA2517P105
2025-04-07,-8.35,NVDA2517P105
2025-04-08,4.55,NVDA2517P105
2025-04-09,-7.31,NVDA2517P105
2025-04-10,0.45,NVDA2517P105
2025-04-11,-1.68,NVDA2517P105
2025-04-14,0.3,NVDA2517P105
2025-04-15,-0.73,NVDA2517P105
2025-04-16,-0.7,NVDA2517P105
2025-04-17,1.92,NVDA2517P105
2025-03-24,-0.19,NVDA2517P106
2025-03-25,-0.25,NVDA2517P106
2025-03-26,0.99,NVDA2517P106
2025-03-27,-0.41,NVDA2517P106
2025-03-28,0.41,NVDA2517P106
2025-03-31,-2.21,NVDA2517P106
2025-04-01,-1.98,NVDA2517P106
2025-04-02,-1.43,NVDA2517P106
2025-04-03,0.7,NVDA2517P106
2025-04-04,2.0,NVDA2517P106
2025-04-07,-8.45,NVDA2517P106
2025-04-08,5.15,NVDA2517P106
2025-04-09,-7.95,NVDA2517P106
2025-04-10,0.7,NVDA2517P106
2025-04-11,-1.64,NVDA2517P106
2025-04-14,0.34,NVDA2517P106
2025-04-15,-0.84,NVDA2517P106
2025-04-16,-0.67,NVDA2517P106
2025-04-17,4.45,NVDA2517P106
2025-03-24,-0.24,NVDA2517P107
2025-03-25,-0.08,NVDA2517P107
2025-03-26,1.22,NVDA2517P107
2025-03-27,-0.3,NVDA2517P107
2025-03-28,0.55,NVDA2517P107
2025-03-31,-2.0,NVDA2517P107
2025-04-01,-1.08,NVDA2517P107
2025-04-02,-1.53,NVDA2517P107
2025-04-03,0.65,NVDA2517P107
2025-04-04,3.85,NVDA2517P107
2025-04-07,-8.9,NVDA2517P107
2025-04-08,5.55,NVDA2517P107
2025-04-09,-8.49,NVDA2517P107
2025-04-10,0.85,NVDA2517P107
2025-04-11,2.37,NVDA2517P107
2025-04-14,0.48,NVDA2517P107
2025-04-15,-0.95,NVDA2517P107
2025-04-16,-0.75,NVDA2517P107
2025-04-17,0.0,NVDA2517P107
2025-03-24,-0.25,NVDA2517P108
2025-03-25,-0.12,NVDA2517P108
2025-03-26,0.71,NVDA2517P108
2025-03-27,-0.46,NVDA2517P108
2025-03-28,0.6,NVDA2517P108
2025-03-31,-2.1,NVDA2517P108
2025-04-01,-1.16,NVDA2517P108
2025-04-02,-1.6,NVDA2517P108
2025-04-03,0.95,NVDA2517P108
2025-04-04,3.54,NVDA2517P108
2025-04-07,-8.65,NVDA2517P108
2025-04-08,5.4,NVDA2517P108
2025-04-09,-8.85,NVDA2517P108
2025-04-10,-0.66,NVDA2517P108
2025-04-11,-1.81,NVDA2517P108
2025-04-14,0.53,NVDA2517P108
2025-04-15,-1.07,NVDA2517P108
2025-04-16,0.0,NVDA2517P108
2025-04-17,2.7,NVDA2517P108
2025-03-24,-0.14,NVDA2517P109
2025-03-25,1.13,NVDA2517P109
2025-03-26,1.76,NVDA2517P109
2025-03-27,-0.3,NVDA2517P109
2025-03-28,0.65,NVDA2517P109
2025-03-31,-2.16,NVDA2517P109
2025-04-01,-1.25,NVDA2517P109
2025-04-02,-1.75,NVDA2517P109
2025-04-03,0.79,NVDA2517P109
2025-04-04,4.05,NVDA2517P109
2025-04-07,-9.11,NVDA2517P109
2025-04-08,6.85,NVDA2517P109
2025-04-09,-9.7,NVDA2517P109
2025-04-10,0.75,NVDA2517P109
2025-04-11,-1.85,NVDA2517P109
2025-04-14,0.68,NVDA2517P109
2025-04-15,-1.17,NVDA2517P109
2025-04-16,-0.25,NVDA2517P109
2025-04-17,1.95,NVDA2517P109
2024-11-08,0.0,NVDA2517P110
2024-11-11,0.25,NVDA2517P110
2024-11-12,-0.15,NVDA2517P110
2024-11-13,0.14,NVDA2517P110
2024-11-14,0.09,NVDA2517P110
2024-11-15,0.79,NVDA2517P110
2024-11-18,-1.3,NVDA2517P110
2024-11-19,-0.86,NVDA2517P110
2024-11-20,-0.21,NVDA2517P110
2024-11-21,0.6,NVDA2517P110
2024-11-22,-0.21,NVDA2517P110
2024-11-25,0.34,NVDA2517P110
2024-11-26,-0.05,NVDA2517P110
2024-11-27,0.0,NVDA2517P110
2024-11-29,-0.55,NVDA2517P110
2024-12-02,-0.1,NVDA2517P110
2024-12-03,-0.46,NVDA2517P110
2024-12-04,-0.45,NVDA2517P110
2024-12-05,-0.07,NVDA2517P110
2024-12-06,0.32,NVDA2517P110
2024-12-09,0.0,NVDA2517P110
2024-12-10,0.8,NVDA2517P110
2024-12-11,-0.61,NVDA2517P110
2024-12-12,-0.1,NVDA2517P110
2024-12-13,0.95,NVDA2517P110
2024-12-16,0.45,NVDA2517P110
2024-12-17,-0.56,NVDA2517P110
2024-12-18,1.25,NVDA2517P110
2024-12-19,0.0,NVDA2517P110
2024-12-20,-1.3,NVDA2517P110
2024-12-23,-0.65,NVDA2517P110
2024-12-24,-0.11,NVDA2517P110
2024-12-26,0.05,NVDA2517P110
2024-12-27,0.25,NVDA2517P110
2024-12-30,-0.8,NVDA2517P110
2024-12-31,-0.05,NVDA2517P110
2025-01-02,-0.35,NVDA2517P110
2025-01-03,-0.41,NVDA2517P110
2025-01-06,-0.09,NVDA2517P110
2025-01-07,1.2,NVDA2517P110
2025-01-08,0.0,NVDA2517P110
2025-01-10,-0.05,NVDA2517P110
2025-01-13,-0.96,NVDA2517P110
2025-01-14,0.6,NVDA2517P110
2025-01-15,-0.78,NVDA2517P110
2025-01-16,0.46,NVDA2517P110
2025-01-17,-0.37,NVDA2517P110
2025-01-21,-0.4,NVDA2517P110
2025-01-22,-0.16,NVDA2517P110
2025-01-23,-0.24,NVDA2517P110
2025-01-24,0.47,NVDA2517P110
2025-01-27,2.3,NVDA2517P110
2025-01-28,-2.55,NVDA2517P110
2025-01-29,2.14,NVDA2517P110
2025-01-30,0.54,NVDA2517P110
2025-01-31,0.89,NVDA2517P110
2025-02-03,-1.31,NVDA2517P110
2025-02-04,-1.31,NVDA2517P110
2025-02-05,-1.21,NVDA2517P110
2025-02-06,-0.65,NVDA2517P110
2025-02-07,0.0,NVDA2517P110
2025-02-10,-1.05,NVDA2517P110
2025-02-11,-0.2,NVDA2517P110
2025-02-12,-0.41,NVDA2517P110
2025-02-13,-0.39,NVDA2517P110
2025-02-14,-0.44,NVDA2517P110
2025-02-18,0.04,NVDA2517P110
2025-02-19,1.8,NVDA2517P110
2025-02-20,-0.09,NVDA2517P110
2025-02-21,1.01,NVDA2517P110
2025-02-24,1.45,NVDA2517P110
2025-02-25,0.79,NVDA2517P110
2025-02-26,-0.61,NVDA2517P110
2025-02-27,2.27,NVDA2517P110
2025-02-28,3.55,NVDA2517P110
2025-03-03,3.25,NVDA2517P110
2025-03-04,-2.46,NVDA2517P110
2025-03-05,-0.75,NVDA2517P110
2025-03-06,1.1,NVDA2517P110
2025-03-07,-1.16,NVDA2517P110
2025-03-10,1.4,NVDA2517P110
2025-03-11,-1.21,NVDA2517P110
2025-03-12,-0.71,NVDA2517P110
2025-03-13,0.25,NVDA2517P110
2025-03-14,-2.15,NVDA2517P110
2025-03-17,0.31,NVDA2517P110
2025-03-18,0.44,NVDA2517P110
2025-03-19,-0.55,NVDA2517P110
2025-03-20,-0.85,NVDA2517P110
2025-03-21,-1.25,NVDA2517P110
2025-03-24,-0.53,NVDA2517P110
2025-03-25,-0.16,NVDA2517P110
2025-03-26,1.56,NVDA2517P110
2025-03-27,4.15,NVDA2517P110
2025-03-28,0.75,NVDA2517P110
2025-03-31,-2.21,NVDA2517P110
2025-04-01,-1.1,NVDA2517P110
2025-04-02,-1.95,NVDA2517P110
2025-04-03,-0.46,NVDA2517P110
2025-04-04,4.0,NVDA2517P110
2025-04-07,-16.4,NVDA2517P110
2025-04-08,5.85,NVDA2517P110
2025-04-09,-9.89,NVDA2517P110
2025-04-10,1.0,NVDA2517P110
2025-04-11,-2.0,NVDA2517P110
2025-04-14,0.78,NVDA2517P110
2025-04-15,-1.26,NVDA2517P110
2025-04-16,-0.41,NVDA2517P110
2025-04-17,2.69,NVDA2517P110
2025-03-24,-0.24,NVDA2517P111
2025-03-25,-0.18,NVDA2517P111
2025-03-26,1.59,NVDA2517P111
2025-03-27,-0.41,NVDA2517P111
2025-03-28,0.8,NVDA2517P111
2025-03-31,-2.61,NVDA2517P111
2025-04-01,-1.0,NVDA2517P111
2025-04-02,-2.11,NVDA2517P111
2025-04-03,0.94,NVDA2517P111
2025-04-04,4.0,NVDA2517P111
2025-04-07,-9.75,NVDA2517P111
2025-04-08,6.14,NVDA2517P111
2025-04-09,-11.08,NVDA2517P111
2025-04-10,0.0,NVDA2517P111
2025-04-11,-2.05,NVDA2517P111
2025-04-14,0.95,NVDA2517P111
2025-04-15,-1.38,NVDA2517P111
2025-04-16,-0.15,NVDA2517P111
2025-04-17,2.29,NVDA2517P111
2025-03-24,-0.31,NVDA2517P112
2025-03-25,-0.14,NVDA2517P112
2025-03-26,1.18,NVDA2517P112
2025-03-27,-0.41,NVDA2517P112
2025-03-28,0.9,NVDA2517P112
2025-03-31,-2.76,NVDA2517P112
2025-04-01,-1.4,NVDA2517P112
2025-04-02,-2.3,NVDA2517P112
2025-04-03,0.84,NVDA2517P112
2025-04-04,2.84,NVDA2517P112
2025-04-07,-9.5,NVDA2517P112
2025-04-08,6.7,NVDA2517P112
2025-04-09,-10.4,NVDA2517P112
2025-04-10,1.1,NVDA2517P112
2025-04-11,-2.05,NVDA2517P112
2025-04-14,1.12,NVDA2517P112
2025-04-15,-1.45,NVDA2517P112
2025-04-16,-1.55,NVDA2517P112
2025-04-17,2.75,NVDA2517P112
2025-03-24,-0.71,NVDA2517P113
2025-03-25,-0.17,NVDA2517P113
2025-03-26,1.84,NVDA2517P113
2025-03-27,-0.3,NVDA2517P113
2025-03-28,0.9,NVDA2517P113
2025-03-31,-2.76,NVDA2517P113
2025-04-01,-1.16,NVDA2517P113
2025-04-02,-2.25,NVDA2517P113
2025-04-03,1.79,NVDA2517P113
2025-04-04,2.94,NVDA2517P113
2025-04-07,-9.46,NVDA2517P113
2025-04-08,7.44,NVDA2517P113
2025-04-09,-11.2,NVDA2517P113
2025-04-10,0.95,NVDA2517P113
2025-04-11,-2.11,NVDA2517P113
2025-04-14,1.32,NVDA2517P113
2025-04-15,-1.5,NVDA2517P113
2025-04-16,0.15,NVDA2517P113
2025-04-17,2.69,NVDA2517P113
2025-03-24,-0.75,NVDA2517P114
2025-03-25,-0.21,NVDA2517P114
2025-03-26,1.99,NVDA2517P114
2025-03-27,-0.4,NVDA2517P114
2025-03-28,0.95,NVDA2517P114
2025-03-31,-2.61,NVDA2517P114
2025-04-01,-1.1,NVDA2517P114
2025-04-02,-2.65,NVDA2517P114
2025-04-03,0.95,NVDA2517P114
2025-04-04,2.7,NVDA2517P114
2025-04-07,-10.16,NVDA2517P114
2025-04-08,6.8,NVDA2517P114
2025-04-09,-11.6,NVDA2517P114
2025-04-10,1.04,NVDA2517P114
2025-04-11,-2.21,NVDA2517P114
2025-04-14,1.5,NVDA2517P114
2025-04-15,-1.5,NVDA2517P114
2025-04-16,-0.25,NVDA2517P114
2025-04-17,2.44,NVDA2517P114
2024-11-08,0.15,NVDA2517P115
2024-11-11,0.25,NVDA2517P115
2024-11-12,-0.21,NVDA2517P115
2024-11-13,-0.1,NVDA2517P115
2024-11-14,-0.25,NVDA2517P115
2024-11-15,0.55,NVDA2517P115
2024-11-18,-1.21,NVDA2517P115
2024-11-19,-1.25,NVDA2517P115
2024-11-20,-0.1,NVDA2517P115
2024-11-21,0.79,NVDA2517P115
2024-11-22,0.4,NVDA2517P115
2024-11-25,0.85,NVDA2517P115
2024-11-26,-0.21,NVDA2517P115
2024-11-27,-0.05,NVDA2517P115
2024-11-29,-0.55,NVDA2517P115
2024-12-02,0.1,NVDA2517P115
2024-12-03,-0.15,NVDA2517P115
2024-12-04,-0.46,NVDA2517P115
2024-12-05,0.0,NVDA2517P115
2024-12-06,0.35,NVDA2517P115
2024-12-09,-0.05,NVDA2517P115
2024-12-10,0.84,NVDA2517P115
2024-12-11,-0.9,NVDA2517P115
2024-12-12,-0.21,NVDA2517P115
2024-12-13,1.09,NVDA2517P115
2024-12-16,0.5,NVDA2517P115
2024-12-17,-1.11,NVDA2517P115
2024-12-18,1.25,NVDA2517P115
2024-12-19,0.54,NVDA2517P115
2024-12-20,-2.25,NVDA2517P115
2024-12-23,-0.75,NVDA2517P115
2024-12-24,-0.31,NVDA2517P115
2024-12-26,0.0,NVDA2517P115
2024-12-27,0.29,NVDA2517P115
2024-12-30,-1.06,NVDA2517P115
2024-12-31,0.29,NVDA2517P115
2025-01-02,-0.5,NVDA2517P115
2025-01-03,-0.41,NVDA2517P115
2025-01-06,-0.21,NVDA2517P115
2025-01-07,1.14,NVDA2517P115
2025-01-08,0.0,NVDA2517P115
2025-01-10,0.09,NVDA2517P115
2025-01-13,-1.3,NVDA2517P115
2025-01-14,0.75,NVDA2517P115
2025-01-15,-1.0,NVDA2517P115
2025-01-16,0.54,NVDA2517P115
2025-01-17,-0.4,NVDA2517P115
2025-01-21,-0.46,NVDA2517P115
2025-01-22,-0.27,NVDA2517P115
2025-01-23,-0.41,NVDA2517P115
2025-01-24,0.69,NVDA2517P115
2025-01-27,2.8,NVDA2517P115
2025-01-28,-3.11,NVDA2517P115
2025-01-29,2.29,NVDA2517P115
2025-01-30,0.2,NVDA2517P115
2025-01-31,1.0,NVDA2517P115
2025-02-03,-2.96,NVDA2517P115
2025-02-04,-1.56,NVDA2517P115
2025-02-05,-1.46,NVDA2517P115
2025-02-06,-0.85,NVDA2517P115
2025-02-07,0.0,NVDA2517P115
2025-02-10,-1.35,NVDA2517P115
2025-02-11,-0.25,NVDA2517P115
2025-02-12,-0.55,NVDA2517P115
2025-02-13,3.65,NVDA2517P115
2025-02-14,-0.66,NVDA2517P115
2025-02-18,0.06,NVDA2517P115
2025-02-19,-0.16,NVDA2517P115
2025-02-20,-0.14,NVDA2517P115
2025-02-21,1.23,NVDA2517P115
2025-02-24,1.7,NVDA2517P115
2025-02-25,1.04,NVDA2517P115
2025-02-26,-0.75,NVDA2517P115
2025-02-27,4.13,NVDA2517P115
2025-02-28,-2.85,NVDA2517P115
2025-03-03,3.35,NVDA2517P115
2025-03-04,-4.6,NVDA2517P115
2025-03-05,-0.6,NVDA2517P115
2025-03-06,1.4,NVDA2517P115
2025-03-07,-1.36,NVDA2517P115
2025-03-10,1.69,NVDA2517P115
2025-03-11,-1.41,NVDA2517P115
2025-03-12,-1.11,NVDA2517P115
2025-03-13,0.2,NVDA2517P115
2025-03-14,-1.55,NVDA2517P115
2025-03-17,0.5,NVDA2517P115
2025-03-18,0.75,NVDA2517P115
2025-03-19,-0.66,NVDA2517P115
2025-03-20,-1.21,NVDA2517P115
2025-03-21,-0.9,NVDA2517P115
2025-03-24,-0.79,NVDA2517P115
2025-03-25,-0.17,NVDA2517P115
2025-03-26,2.25,NVDA2517P115
2025-03-27,-1.15,NVDA2517P115
2025-03-28,1.0,NVDA2517P115
2025-03-31,-3.0,NVDA2517P115
2025-04-01,-1.51,NVDA2517P115
2025-04-02,-2.6,NVDA2517P115
2025-04-03,1.1,NVDA2517P115
2025-04-04,3.94,NVDA2517P115
2025-04-07,-10.0,NVDA2517P115
2025-04-08,6.85,NVDA2517P115
2025-04-09,-12.45,NVDA2517P115
2025-04-10,0.99,NVDA2517P115
2025-04-11,-2.05,NVDA2517P115
2025-04-14,1.74,NVDA2517P115
2025-04-15,-1.5,NVDA2517P115
2025-04-16,-0.2,NVDA2517P115
2025-04-17,2.65,NVDA2517P115
2025-03-24,-0.43,NVDA2517P116
2025-03-25,2.77,NVDA2517P116
2025-03-26,2.45,NVDA2517P116
2025-03-27,-0.46,NVDA2517P116
2025-03-28,0.75,NVDA2517P116
2025-03-31,-3.35,NVDA2517P116
2025-04-01,-1.31,NVDA2517P116
2025-04-02,-2.45,NVDA2517P116
2025-04-03,1.34,NVDA2517P116
2025-04-04,4.5,NVDA2517P116
2025-04-07,-10.25,NVDA2517P116
2025-04-08,7.85,NVDA2517P116
2025-04-09,-12.5,NVDA2517P116
2025-04-10,1.39,NVDA2517P116
2025-04-11,-2.41,NVDA2517P116
2025-04-14,1.95,NVDA2517P116
2025-04-15,-1.6,NVDA2517P116
2025-04-16,0.19,NVDA2517P116
2025-04-17,1.75,NVDA2517P116
2025-03-24,-0.72,NVDA2517P117
2025-03-25,-0.2,NVDA2517P117
2025-03-26,2.4,NVDA2517P117
2025-03-27,-0.71,NVDA2517P117
2025-03-28,1.8,NVDA2517P117
2025-03-31,-3.41,NVDA2517P117
2025-04-01,-1.61,NVDA2517P117
2025-04-02,-2.56,NVDA2517P117
2025-04-03,0.5,NVDA2517P117
2025-04-04,3.0,NVDA2517P117
2025-04-07,-9.85,NVDA2517P117
2025-04-08,5.85,NVDA2517P117
2025-04-09,-13.45,NVDA2517P117
2025-04-10,1.3,NVDA2517P117
2025-04-11,-2.05,NVDA2517P117
2025-04-14,1.64,NVDA2517P117
2025-04-15,-1.6,NVDA2517P117
2025-04-16,0.0,NVDA2517P117
2025-04-17,2.0,NVDA2517P117
2025-03-24,-0.55,NVDA2517P118
2025-03-25,-0.25,NVDA2517P118
2025-03-26,2.6,NVDA2517P118
2025-03-27,0.34,NVDA2517P118
2025-03-28,1.25,NVDA2517P118
2025-03-31,-3.25,NVDA2517P118
2025-04-01,-1.2,NVDA2517P118
2025-04-02,-1.7,NVDA2517P118
2025-04-03,1.85,NVDA2517P118
2025-04-04,2.3,NVDA2517P118
2025-04-07,-10.8,NVDA2517P118
2025-04-08,7.55,NVDA2517P118
2025-04-09,-12.85,NVDA2517P118
2025-04-10,0.9,NVDA2517P118
2025-04-11,-1.91,NVDA2517P118
2025-04-14,1.65,NVDA2517P118
2025-04-15,-1.5,NVDA2517P118
2025-04-16,-0.16,NVDA2517P118
2025-04-17,1.95,NVDA2517P118
2025-03-24,-0.96,NVDA2517P119
2025-03-25,-0.36,NVDA2517P119
2025-03-26,2.15,NVDA2517P119
2025-03-27,0.34,NVDA2517P119
2025-03-28,1.05,NVDA2517P119
2025-03-31,-3.06,NVDA2517P119
2025-04-01,-1.31,NVDA2517P119
2025-04-02,-3.06,NVDA2517P119
2025-04-03,0.8,NVDA2517P119
2025-04-04,2.25,NVDA2517P119
2025-04-07,-11.95,NVDA2517P119
2025-04-08,5.2,NVDA2517P119
2025-04-09,-15.3,NVDA2517P119
2025-04-10,2.5,NVDA2517P119
2025-04-11,-2.0,NVDA2517P119
2025-04-14,1.95,NVDA2517P119
2025-04-15,-0.2,NVDA2517P119
2025-04-16,1.0,NVDA2517P119
2025-04-17,1.29,NVDA2517P119
2024-11-08,0.0,NVDA2517P120
2024-11-11,0.45,NVDA2517P120
2024-11-12,-0.4,NVDA2517P120
2024-11-13,0.29,NVDA2517P120
2024-11-14,-0.25,NVDA2517P120
2024-11-15,-0.16,NVDA2517P120
2024-11-18,-1.0,NVDA2517P120
2024-11-19,-1.76,NVDA2517P120
2024-11-20,0.14,NVDA2517P120
2024-11-21,1.0,NVDA2517P120
2024-11-22,0.25,NVDA2517P120
2024-11-25,0.5,NVDA2517P120
2024-11-26,-0.05,NVDA2517P120
2024-11-27,-0.1,NVDA2517P120
2024-11-29,-0.75,NVDA2517P120
2024-12-02,-0.16,NVDA2517P120
2024-12-03,-0.4,NVDA2517P120
2024-12-04,5.05,NVDA2517P120
2024-12-05,-0.1,NVDA2517P120
2024-12-06,0.59,NVDA2517P120
2024-12-09,0.04,NVDA2517P120
2024-12-10,1.0,NVDA2517P120
2024-12-11,-0.71,NVDA2517P120
2024-12-12,-0.21,NVDA2517P120
2024-12-13,1.45,NVDA2517P120
2024-12-16,0.65,NVDA2517P120
2024-12-17,-0.7,NVDA2517P120
2024-12-18,2.05,NVDA2517P120
2024-12-19,0.35,NVDA2517P120
2024-12-20,8.0,NVDA2517P120
2024-12-23,-0.75,NVDA2517P120
2024-12-24,-0.46,NVDA2517P120
2024-12-26,0.04,NVDA2517P120
2024-12-27,0.55,NVDA2517P120
2024-12-30,-1.05,NVDA2517P120
2024-12-31,0.45,NVDA2517P120
2025-01-02,-0.35,NVDA2517P120
2025-01-03,-0.55,NVDA2517P120
2025-01-06,-0.05,NVDA2517P120
2025-01-07,5.85,NVDA2517P120
2025-01-08,0.04,NVDA2517P120
2025-01-10,0.04,NVDA2517P120
2025-01-13,-1.5,NVDA2517P120
2025-01-14,1.14,NVDA2517P120
2025-01-15,-1.6,NVDA2517P120
2025-01-16,0.5,NVDA2517P120
2025-01-17,-0.5,NVDA2517P120
2025-01-21,-0.55,NVDA2517P120
2025-01-22,-0.41,NVDA2517P120
2025-01-23,-0.5,NVDA2517P120
2025-01-24,0.83,NVDA2517P120
2025-01-27,2.94,NVDA2517P120
2025-01-28,-3.6,NVDA2517P120
2025-01-29,2.59,NVDA2517P120
2025-01-30,0.2,NVDA2517P120
2025-01-31,1.4,NVDA2517P120
2025-02-03,-1.75,NVDA2517P120
2025-02-04,-1.66,NVDA2517P120
2025-02-05,-1.6,NVDA2517P120
2025-02-06,-0.91,NVDA2517P120
2025-02-07,-0.11,NVDA2517P120
2025-02-10,-1.65,NVDA2517P120
2025-02-11,-0.35,NVDA2517P120
2025-02-12,-0.65,NVDA2517P120
2025-02-13,-1.11,NVDA2517P120
2025-02-14,-0.91,NVDA2517P120
2025-02-18,0.1,NVDA2517P120
2025-02-19,-0.16,NVDA2517P120
2025-02-20,-0.16,NVDA2517P120
2025-02-21,1.55,NVDA2517P120
2025-02-24,2.14,NVDA2517P120
2025-02-25,0.7,NVDA2517P120
2025-02-26,-1.05,NVDA2517P120
2025-02-27,4.69,NVDA2517P120
2025-02-28,-3.81,NVDA2517P120
2025-03-03,5.0,NVDA2517P120
2025-03-04,-3.4,NVDA2517P120
2025-03-05,-0.66,NVDA2517P120
2025-03-06,1.19,NVDA2517P120
2025-03-07,-1.5,NVDA2517P120
2025-03-10,2.0,NVDA2517P120
2025-03-11,-1.41,NVDA2517P120
2025-03-12,-1.25,NVDA2517P120
2025-03-13,0.44,NVDA2517P120
2025-03-14,-1.96,NVDA2517P120
2025-03-17,0.84,NVDA2517P120
2025-03-18,0.95,NVDA2517P120
2025-03-19,-0.71,NVDA2517P120
2025-03-20,-2.16,NVDA2517P120
2025-03-21,-0.95,NVDA2517P120
2025-03-24,-1.05,NVDA2517P120
2025-03-25,-0.21,NVDA2517P120
2025-03-26,2.6,NVDA2517P120
2025-03-27,-1.16,NVDA2517P120
2025-03-28,1.4,NVDA2517P120
2025-03-31,-5.91,NVDA2517P120
2025-04-01,-1.91,NVDA2517P120
2025-04-02,-3.31,NVDA2517P120
2025-04-03,-7.25,NVDA2517P120
2025-04-04,4.19,NVDA2517P120
2025-04-07,-10.36,NVDA2517P120
2025-04-08,4.8,NVDA2517P120
2025-04-09,-14.16,NVDA2517P120
2025-04-10,1.09,NVDA2517P120
2025-04-11,-2.7,NVDA2517P120
2025-04-14,2.74,NVDA2517P120
2025-04-15,-1.46,NVDA2517P120
2025-04-16,-0.1,NVDA2517P120
2025-04-17,2.44,NVDA2517P120
2025-03-24,-1.11,NVDA2517P121
2025-03-25,-0.3,NVDA2517P121
2025-03-26,2.59,NVDA2517P121
2025-03-27,-0.81,NVDA2517P121
2025-03-28,1.15,NVDA2517P121
2025-03-31,-2.5,NVDA2517P121
2025-04-01,-1.25,NVDA2517P121
2025-04-02,-2.5,NVDA2517P121
2025-04-03,1.35,NVDA2517P121
2025-04-04,1.2,NVDA2517P121
2025-04-07,-10.7,NVDA2517P121
2025-04-08,7.55,NVDA2517P121
2025-04-09,-13.16,NVDA2517P121
2025-04-10,0.65,NVDA2517P121
2025-04-11,-1.6,NVDA2517P121
2025-04-14,2.75,NVDA2517P121
2025-04-15,-1.85,NVDA2517P121
2025-04-16,-0.11,NVDA2517P121
2025-04-17,5.79,NVDA2517P121
2025-03-24,-0.81,NVDA2517P122
2025-03-25,-0.25,NVDA2517P122
2025-03-26,3.65,NVDA2517P122
2025-03-27,-0.06,NVDA2517P122
2025-03-28,1.15,NVDA2517P122
2025-03-31,-3.45,NVDA2517P122
2025-04-01,-3.06,NVDA2517P122
2025-04-02,-3.05,NVDA2517P122
2025-04-03,1.04,NVDA2517P122
2025-04-04,2.69,NVDA2517P122
2025-04-07,-11.31,NVDA2517P122
2025-04-08,7.8,NVDA2517P122
2025-04-09,-14.7,NVDA2517P122
2025-04-10,0.69,NVDA2517P122
2025-04-11,-1.6,NVDA2517P122
2025-04-14,2.0,NVDA2517P122
2025-04-15,-0.95,NVDA2517P122
2025-04-16,1.85,NVDA2517P122
2025-04-17,0.9,NVDA2517P122
2025-03-24,-1.05,NVDA2517P123
2025-03-25,-0.45,NVDA2517P123
2025-03-26,2.5,NVDA2517P123
2025-03-27,-0.71,NVDA2517P123
2025-03-28,1.09,NVDA2517P123
2025-03-31,-4.25,NVDA2517P123
2025-04-01,-0.81,NVDA2517P123
2025-04-02,-0.66,NVDA2517P123
2025-04-03,0.64,NVDA2517P123
2025-04-04,4.14,NVDA2517P123
2025-04-07,-10.06,NVDA2517P123
2025-04-08,-0.41,NVDA2517P123
2025-04-09,-12.8,NVDA2517P123
2025-04-10,1.9,NVDA2517P123
2025-04-11,-1.65,NVDA2517P123
2025-04-14,2.34,NVDA2517P123
2025-04-15,-0.71,NVDA2517P123
2025-04-16,1.05,NVDA2517P123
2025-04-17,2.5,NVDA2517P123
2025-03-24,-0.86,NVDA2517P124
2025-03-25,-0.55,NVDA2517P124
2025-03-26,4.05,NVDA2517P124
2025-03-27,0.84,NVDA2517P124
2025-03-28,2.04,NVDA2517P124
2025-03-31,-3.25,NVDA2517P124
2025-04-01,-0.16,NVDA2517P124
2025-04-02,-2.41,NVDA2517P124
2025-04-03,0.04,NVDA2517P124
2025-04-04,2.7,NVDA2517P124
2025-04-07,-3.06,NVDA2517P124
2025-04-08,8.6,NVDA2517P124
2025-04-09,-14.95,NVDA2517P124
2025-04-10,0.35,NVDA2517P124
2025-04-11,-0.95,NVDA2517P124
2025-04-14,2.95,NVDA2517P124
2025-04-15,-1.36,NVDA2517P124
2025-04-16,1.85,NVDA2517P124
2025-04-17,-0.2,NVDA2517P124
2024-11-08,0.1,NVDA2517P125
2024-11-11,0.6,NVDA2517P125
2024-11-12,-0.3,NVDA2517P125
2024-11-13,0.04,NVDA2517P125
2024-11-14,-0.31,NVDA2517P125
2024-11-15,0.7,NVDA2517P125
2024-11-18,-1.5,NVDA2517P125
2024-11-19,-1.8,NVDA2517P125
2024-11-20,-0.5,NVDA2517P125
2024-11-21,1.15,NVDA2517P125
2024-11-22,0.8,NVDA2517P125
2024-11-25,0.59,NVDA2517P125
2024-11-26,-0.25,NVDA2517P125
2024-11-27,-0.61,NVDA2517P125
2024-11-29,-0.91,NVDA2517P125
2024-12-02,-0.16,NVDA2517P125
2024-12-03,-0.56,NVDA2517P125
2024-12-04,-0.9,NVDA2517P125
2024-12-05,-0.05,NVDA2517P125
2024-12-06,0.7,NVDA2517P125
2024-12-09,0.04,NVDA2517P125
2024-12-10,1.64,NVDA2517P125
2024-12-11,-1.16,NVDA2517P125
2024-12-12,-0.2,NVDA2517P125
2024-12-13,1.54,NVDA2517P125
2024-12-16,0.89,NVDA2517P125
2024-12-17,-0.56,NVDA2517P125
2024-12-18,2.44,NVDA2517P125
2024-12-19,0.5,NVDA2517P125
2024-12-20,-2.2,NVDA2517P125
2024-12-23,-1.05,NVDA2517P125
2024-12-24,-0.21,NVDA2517P125
2024-12-26,-0.05,NVDA2517P125
2024-12-27,0.44,NVDA2517P125
2024-12-30,-1.45,NVDA2517P125
2024-12-31,0.8,NVDA2517P125
2025-01-02,-0.1,NVDA2517P125
2025-01-03,-1.11,NVDA2517P125
2025-01-06,-0.25,NVDA2517P125
2025-01-07,2.3,NVDA2517P125
2025-01-08,0.29,NVDA2517P125
2025-01-10,0.19,NVDA2517P125
2025-01-13,-1.81,NVDA2517P125
2025-01-14,1.15,NVDA2517P125
2025-01-15,-1.36,NVDA2517P125
2025-01-16,0.89,NVDA2517P125
2025-01-17,-0.66,NVDA2517P125
2025-01-21,-0.6,NVDA2517P125
2025-01-22,-0.5,NVDA2517P125
2025-01-23,-0.71,NVDA2517P125
2025-01-24,1.14,NVDA2517P125
2025-01-27,2.79,NVDA2517P125
2025-01-28,-4.0,NVDA2517P125
2025-01-29,2.84,NVDA2517P125
2025-01-30,0.09,NVDA2517P125
2025-01-31,1.8,NVDA2517P125
2025-02-03,-2.15,NVDA2517P125
2025-02-04,-1.75,NVDA2517P125
2025-02-05,-1.25,NVDA2517P125
2025-02-06,-1.36,NVDA2517P125
2025-02-07,-0.2,NVDA2517P125
2025-02-10,-1.61,NVDA2517P125
2025-02-11,-0.35,NVDA2517P125
2025-02-12,-0.71,NVDA2517P125
2025-02-13,-0.91,NVDA2517P125
2025-02-14,-1.1,NVDA2517P125
2025-02-18,0.35,NVDA2517P125
2025-02-19,-0.25,NVDA2517P125
2025-02-20,-0.16,NVDA2517P125
2025-02-21,1.94,NVDA2517P125
2025-02-24,3.3,NVDA2517P125
2025-02-25,1.5,NVDA2517P125
2025-02-26,-1.16,NVDA2517P125
2025-02-27,6.5,NVDA2517P125
2025-02-28,-4.21,NVDA2517P125
2025-03-03,5.7,NVDA2517P125
2025-03-04,-4.21,NVDA2517P125
2025-03-05,-1.05,NVDA2517P125
2025-03-06,1.34,NVDA2517P125
2025-03-07,-1.66,NVDA2517P125
2025-03-10,1.6,NVDA2517P125
2025-03-11,-2.56,NVDA2517P125
2025-03-12,-1.41,NVDA2517P125
2025-03-13,0.3,NVDA2517P125
2025-03-14,-2.56,NVDA2517P125
2025-03-17,1.3,NVDA2517P125
2025-03-18,1.25,NVDA2517P125
2025-03-19,-0.91,NVDA2517P125
2025-03-20,-1.45,NVDA2517P125
2025-03-21,-1.11,NVDA2517P125
2025-03-24,-1.4,NVDA2517P125
2025-03-25,-0.35,NVDA2517P125
2025-03-26,2.34,NVDA2517P125
2025-03-27,-0.75,NVDA2517P125
2025-03-28,1.45,NVDA2517P125
2025-03-31,-6.05,NVDA2517P125
2025-04-01,-1.85,NVDA2517P125
2025-04-02,-3.56,NVDA2517P125
2025-04-03,1.1,NVDA2517P125
2025-04-04,3.94,NVDA2517P125
2025-04-07,-10.65,NVDA2517P125
2025-04-08,7.59,NVDA2517P125
2025-04-09,-14.7,NVDA2517P125
2025-04-10,1.85,NVDA2517P125
2025-04-11,-2.06,NVDA2517P125
2025-04-14,2.94,NVDA2517P125
2025-04-15,-1.3,NVDA2517P125
2025-04-16,0.69,NVDA2517P125
2025-04-17,3.05,NVDA2517P125
2025-03-24,-0.91,NVDA2517P126
2025-03-25,-0.51,NVDA2517P126
2025-03-26,-0.21,NVDA2517P126
2025-03-27,-1.35,NVDA2517P126
2025-03-28,0.65,NVDA2517P126
2025-03-31,-2.56,NVDA2517P126
2025-04-01,-1.41,NVDA2517P126
2025-04-02,-1.45,NVDA2517P126
2025-04-03,0.69,NVDA2517P126
2025-04-04,1.5,NVDA2517P126
2025-04-07,-10.61,NVDA2517P126
2025-04-08,-0.4,NVDA2517P126
2025-04-09,-14.26,NVDA2517P126
2025-04-10,1.75,NVDA2517P126
2025-04-11,-1.6,NVDA2517P126
2025-04-14,2.65,NVDA2517P126
2025-04-15,-0.15,NVDA2517P126
2025-04-16,2.59,NVDA2517P126
2025-03-24,-1.71,NVDA2517P127
2025-03-25,-0.5,NVDA2517P127
2025-03-26,4.25,NVDA2517P127
2025-03-27,0.09,NVDA2517P127
2025-03-28,1.6,NVDA2517P127
2025-03-31,-3.25,NVDA2517P127
2025-04-01,-2.95,NVDA2517P127
2025-04-02,-2.66,NVDA2517P127
2025-04-03,2.39,NVDA2517P127
2025-04-04,2.29,NVDA2517P127
2025-04-07,-11.56,NVDA2517P127
2025-04-08,1.35,NVDA2517P127
2025-04-09,-2.5,NVDA2517P127
2025-04-10,1.0,NVDA2517P127
2025-04-11,-0.2,NVDA2517P127
2025-04-14,2.84,NVDA2517P127
2025-04-15,-0.75,NVDA2517P127
2025-04-16,0.89,NVDA2517P127
2025-04-17,1.05,NVDA2517P127
2025-03-24,-1.16,NVDA2517P128
2025-03-25,0.0,NVDA2517P128
2025-03-26,3.34,NVDA2517P128
2025-03-27,-1.3,NVDA2517P128
2025-03-28,1.1,NVDA2517P128
2025-03-31,-2.9,NVDA2517P128
2025-04-01,-1.1,NVDA2517P128
2025-04-02,-1.85,NVDA2517P128
2025-04-03,1.75,NVDA2517P128
2025-04-04,-0.25,NVDA2517P128
2025-04-07,0.39,NVDA2517P128
2025-04-08,8.45,NVDA2517P128
2025-04-09,-11.75,NVDA2517P128
2025-04-10,-1.36,NVDA2517P128
2025-04-11,-3.0,NVDA2517P128
2025-04-14,1.75,NVDA2517P128
2025-04-15,-0.5,NVDA2517P128
2025-04-16,-0.61,NVDA2517P128
2025-04-17,2.75,NVDA2517P128
2025-03-24,-2.16,NVDA2517P129
2025-03-25,-1.0,NVDA2517P129
2025-03-26,-0.2,NVDA2517P129
2025-03-27,0.14,NVDA2517P129
2025-03-28,-0.36,NVDA2517P129
2025-03-31,-3.56,NVDA2517P129
2025-04-01,-1.15,NVDA2517P129
2025-04-02,-2.2,NVDA2517P129
2025-04-03,0.7,NVDA2517P129
2025-04-04,4.09,NVDA2517P129
2025-04-08,-0.31,NVDA2517P129
2025-04-09,-2.16,NVDA2517P129
2025-04-10,1.64,NVDA2517P129
2025-04-11,0.19,NVDA2517P129
2025-04-14,1.25,NVDA2517P129
2025-04-15,-0.8,NVDA2517P129
2025-04-16,2.85,NVDA2517P129
2025-04-17,-1.5,NVDA2517P129
2024-11-08,0.0,NVDA2517P130
2024-11-11,0.25,NVDA2517P130
2024-11-12,-0.6,NVDA2517P130
2024-11-13,0.34,NVDA2517P130
2024-11-14,0.0,NVDA2517P130
2024-11-15,1.15,NVDA2517P130
2024-11-18,-1.35,NVDA2517P130
2024-11-19,-2.16,NVDA2517P130
2024-11-20,-0.25,NVDA2517P130
2024-11-21,1.5,NVDA2517P130
2024-11-22,0.69,NVDA2517P130
2024-11-25,1.55,NVDA2517P130
2024-11-26,-0.35,NVDA2517P130
2024-11-27,-0.45,NVDA2517P130
2024-11-29,-0.96,NVDA2517P130
2024-12-02,0.25,NVDA2517P130
2024-12-03,-0.41,NVDA2517P130
2024-12-04,-0.86,NVDA2517P130
2024-12-05,0.04,NVDA2517P130
2024-12-06,0.9,NVDA2517P130
2024-12-09,1.29,NVDA2517P130
2024-12-10,2.25,NVDA2517P130
2024-12-11,-0.95,NVDA2517P130
2024-12-12,-0.5,NVDA2517P130
2024-12-13,2.1,NVDA2517P130
2024-12-16,1.09,NVDA2517P130
2024-12-17,-0.6,NVDA2517P130
2024-12-18,1.95,NVDA2517P130
2024-12-19,0.7,NVDA2517P130
2024-12-20,-2.5,NVDA2517P130
2024-12-23,-1.35,NVDA2517P130
2024-12-24,-0.05,NVDA2517P130
2024-12-26,0.05,NVDA2517P130
2024-12-27,0.69,NVDA2517P130
2024-12-30,-1.3,NVDA2517P130
2024-12-31,1.0,NVDA2517P130
2025-01-02,-0.96,NVDA2517P130
2025-01-03,-0.75,NVDA2517P130
2025-01-06,-0.1,NVDA2517P130
2025-01-07,3.05,NVDA2517P130
2025-01-08,-0.06,NVDA2517P130
2025-01-10,0.14,NVDA2517P130
2025-01-13,-2.2,NVDA2517P130
2025-01-14,1.75,NVDA2517P130
2025-01-15,-1.66,NVDA2517P130
2025-01-16,1.54,NVDA2517P130
2025-01-17,-0.66,NVDA2517P130
2025-01-21,-0.86,NVDA2517P130
2025-01-22,-0.66,NVDA2517P130
2025-01-23,-0.86,NVDA2517P130
2025-01-24,1.45,NVDA2517P130
2025-01-27,3.8,NVDA2517P130
2025-01-28,-4.45,NVDA2517P130
2025-01-29,3.64,NVDA2517P130
2025-01-30,0.1,NVDA2517P130
2025-01-31,1.79,NVDA2517P130
2025-02-03,-1.75,NVDA2517P130
2025-02-04,-0.5,NVDA2517P130
2025-02-05,-1.55,NVDA2517P130
2025-02-06,-1.2,NVDA2517P130
2025-02-07,-0.31,NVDA2517P130
2025-02-10,-2.06,NVDA2517P130
2025-02-11,-0.41,NVDA2517P130
2025-02-12,-0.7,NVDA2517P130
2025-02-13,-1.6,NVDA2517P130
2025-02-14,-1.25,NVDA2517P130
2025-02-18,0.25,NVDA2517P130
2025-02-19,-0.21,NVDA2517P130
2025-02-20,-0.2,NVDA2517P130
2025-02-21,2.34,NVDA2517P130
2025-02-24,3.0,NVDA2517P130
2025-02-25,1.7,NVDA2517P130
2025-02-26,-1.35,NVDA2517P130
2025-02-27,7.65,NVDA2517P130
2025-02-28,-4.96,NVDA2517P130
2025-03-03,5.6,NVDA2517P130
2025-03-04,-6.61,NVDA2517P130
2025-03-05,-1.16,NVDA2517P130
2025-03-06,1.59,NVDA2517P130
2025-03-07,-1.75,NVDA2517P130
2025-03-10,1.94,NVDA2517P130
2025-03-11,-2.8,NVDA2517P130
2025-03-12,-2.95,NVDA2517P130
2025-03-13,0.3,NVDA2517P130
2025-03-14,-4.06,NVDA2517P130
2025-03-17,1.55,NVDA2517P130
2025-03-18,1.34,NVDA2517P130
2025-03-19,-1.16,NVDA2517P130
2025-03-20,-2.0,NVDA2517P130
2025-03-21,-0.6,NVDA2517P130
2025-03-24,-2.96,NVDA2517P130
2025-03-25,-0.6,NVDA2517P130
2025-03-26,3.75,NVDA2517P130
2025-03-27,-0.25,NVDA2517P130
2025-03-28,1.1,NVDA2517P130
2025-03-31,-4.5,NVDA2517P130
2025-04-01,-3.81,NVDA2517P130
2025-04-02,-3.2,NVDA2517P130
2025-04-03,-0.56,NVDA2517P130
2025-04-04,3.94,NVDA2517P130
2025-04-07,-10.86,NVDA2517P130
2025-04-08,8.1,NVDA2517P130
2025-04-09,-17.05,NVDA2517P130
2025-04-10,-1.45,NVDA2517P130
2025-04-11,-2.86,NVDA2517P130
2025-04-14,0.9,NVDA2517P130
2025-04-15,-0.56,NVDA2517P130
2025-04-16,0.79,NVDA2517P130
2025-04-17,-0.1,NVDA2517P130
2024-11-08,0.14,NVDA2517P135
2024-11-11,0.69,NVDA2517P135
2024-11-12,-0.06,NVDA2517P135
2024-11-13,-0.25,NVDA2517P135
2024-11-14,-0.31,NVDA2517P135
2024-11-15,0.95,NVDA2517P135
2024-11-18,-1.21,NVDA2517P135
2024-11-19,-2.0,NVDA2517P135
2024-11-20,-0.16,NVDA2517P135
2024-11-21,1.65,NVDA2517P135
2024-11-22,1.09,NVDA2517P135
2024-11-25,0.75,NVDA2517P135
2024-11-26,-0.41,NVDA2517P135
2024-11-27,-0.25,NVDA2517P135
2024-11-29,-1.1,NVDA2517P135
2024-12-02,0.15,NVDA2517P135
2024-12-03,-0.45,NVDA2517P135
2024-12-04,-1.1,NVDA2517P135
2024-12-05,0.09,NVDA2517P135
2024-12-06,1.0,NVDA2517P135
2024-12-09,-0.05,NVDA2517P135
2024-12-10,1.79,NVDA2517P135
2024-12-11,-1.16,NVDA2517P135
2024-12-12,-0.31,NVDA2517P135
2024-12-13,2.19,NVDA2517P135
2024-12-16,0.69,NVDA2517P135
2024-12-17,-0.7,NVDA2517P135
2024-12-18,3.29,NVDA2517P135
2024-12-19,0.05,NVDA2517P135
2024-12-20,-3.4,NVDA2517P135
2024-12-23,-0.85,NVDA2517P135
2024-12-24,-0.35,NVDA2517P135
2024-12-26,0.04,NVDA2517P135
2024-12-27,0.75,NVDA2517P135
2024-12-30,-2.2,NVDA2517P135
2024-12-31,1.05,NVDA2517P135
2025-01-02,-0.1,NVDA2517P135
2025-01-03,-1.16,NVDA2517P135
2025-01-06,8.69,NVDA2517P135
2025-01-07,3.5,NVDA2517P135
2025-01-08,0.39,NVDA2517P135
2025-01-10,0.25,NVDA2517P135
2025-01-13,-1.65,NVDA2517P135
2025-01-14,1.45,NVDA2517P135
2025-01-15,-1.71,NVDA2517P135
2025-01-16,1.65,NVDA2517P135
2025-01-17,-0.85,NVDA2517P135
2025-01-21,-1.1,NVDA2517P135
2025-01-22,-0.86,NVDA2517P135
2025-01-23,-1.1,NVDA2517P135
2025-01-24,1.79,NVDA2517P135
2025-01-27,3.3,NVDA2517P135
2025-01-28,-4.75,NVDA2517P135
2025-01-29,3.35,NVDA2517P135
2025-01-30,-0.5,NVDA2517P135
2025-01-31,1.7,NVDA2517P135
2025-02-03,-2.5,NVDA2517P135
2025-02-04,-3.3,NVDA2517P135
2025-02-05,-1.31,NVDA2517P135
2025-02-06,-1.15,NVDA2517P135
2025-02-07,-0.16,NVDA2517P135
2025-02-10,-1.46,NVDA2517P135
2025-02-11,-0.45,NVDA2517P135
2025-02-12,13.3,NVDA2517P135
2025-02-13,-1.15,NVDA2517P135
2025-02-14,-1.46,NVDA2517P135
2025-02-18,0.45,NVDA2517P135
2025-02-19,-0.31,NVDA2517P135
2025-02-20,-0.5,NVDA2517P135
2025-02-21,2.65,NVDA2517P135
2025-02-24,3.75,NVDA2517P135
2025-02-25,2.0,NVDA2517P135
2025-02-26,-1.05,NVDA2517P135
2025-02-27,8.79,NVDA2517P135
2025-02-28,-8.65,NVDA2517P135
2025-03-03,6.85,NVDA2517P135
2025-03-04,-7.95,NVDA2517P135
2025-03-05,-1.25,NVDA2517P135
2025-03-06,1.85,NVDA2517P135
2025-03-07,-0.35,NVDA2517P135
2025-03-10,0.0,NVDA2517P135
2025-03-11,-3.3,NVDA2517P135
2025-03-12,-1.91,NVDA2517P135
2025-03-13,-1.45,NVDA2517P135
2025-03-14,-2.05,NVDA2517P135
2025-03-17,0.75,NVDA2517P135
2025-03-18,1.5,NVDA2517P135
2025-03-19,-1.65,NVDA2517P135
2025-03-20,-0.86,NVDA2517P135
2025-03-21,-1.56,NVDA2517P135
2025-03-24,-3.16,NVDA2517P135
2025-03-25,-0.85,NVDA2517P135
2025-03-26,4.19,NVDA2517P135
2025-03-27,-0.75,NVDA2517P135
2025-03-28,1.55,NVDA2517P135
2025-03-31,-3.75,NVDA2517P135
2025-04-01,-3.0,NVDA2517P135
2025-04-02,-3.81,NVDA2517P135
2025-04-03,1.34,NVDA2517P135
2025-04-04,4.0,NVDA2517P135
2025-04-07,-10.5,NVDA2517P135
2025-04-08,8.7,NVDA2517P135
2025-04-09,-15.45,NVDA2517P135
2025-04-10,0.94,NVDA2517P135
2025-04-11,-1.1,NVDA2517P135
2025-04-14,1.85,NVDA2517P135
2025-04-15,-1.31,NVDA2517P135
2025-04-16,0.8,NVDA2517P135
2025-04-17,0.14,NVDA2517P135
2024-11-08,0.45,NVDA2517P140
2024-11-11,0.05,NVDA2517P140
2024-11-12,-0.6,NVDA2517P140
2024-11-13,-0.1,NVDA2517P140
2024-11-14,-0.55,NVDA2517P140
2024-11-15,1.55,NVDA2517P140
2024-11-18,-0.61,NVDA2517P140
2024-11-19,-2.06,NVDA2517P140
2024-11-20,-0.3,NVDA2517P140
2024-11-21,1.44,NVDA2517P140
2024-11-22,1.59,NVDA2517P140
2024-11-25,1.7,NVDA2517P140
2024-11-26,0.3,NVDA2517P140
2024-11-27,-0.4,NVDA2517P140
2024-11-29,-1.15,NVDA2517P140
2024-12-02,0.55,NVDA2517P140
2024-12-03,-0.8,NVDA2517P140
2024-12-04,-1.16,NVDA2517P140
2024-12-05,-0.16,NVDA2517P140
2024-12-06,1.15,NVDA2517P140
2024-12-09,-0.3,NVDA2517P140
2024-12-10,2.35,NVDA2517P140
2024-12-11,-2.16,NVDA2517P140
2024-12-12,-0.2,NVDA2517P140
2024-12-13,2.65,NVDA2517P140
2024-12-16,0.94,NVDA2517P140
2024-12-17,-0.81,NVDA2517P140
2024-12-18,1.5,NVDA2517P140
2024-12-19,0.59,NVDA2517P140
2024-12-20,-4.0,NVDA2517P140
2024-12-23,-1.75,NVDA2517P140
2024-12-24,-0.41,NVDA2517P140
2024-12-26,0.09,NVDA2517P140
2024-12-27,0.75,NVDA2517P140
2024-12-30,-2.2,NVDA2517P140
2024-12-31,-0.6,NVDA2517P140
2025-01-02,-1.0,NVDA2517P140
2025-01-03,-1.6,NVDA2517P140
2025-01-06,-0.2,NVDA2517P140
2025-01-07,4.25,NVDA2517P140
2025-01-08,0.34,NVDA2517P140
2025-01-10,0.54,NVDA2517P140
2025-01-13,-2.25,NVDA2517P140
2025-01-14,2.29,NVDA2517P140
2025-01-15,-1.91,NVDA2517P140
2025-01-16,2.1,NVDA2517P140
2025-01-17,-0.95,NVDA2517P140
2025-01-21,-1.05,NVDA2517P140
2025-01-22,-0.81,NVDA2517P140
2025-01-23,-1.31,NVDA2517P140
2025-01-24,1.45,NVDA2517P140
2025-01-27,2.0,NVDA2517P140
2025-01-28,-6.85,NVDA2517P140
2025-01-29,2.84,NVDA2517P140
2025-01-30,-0.4,NVDA2517P140
2025-01-31,1.54,NVDA2517P140
2025-02-03,-2.4,NVDA2517P140
2025-02-04,-3.4,NVDA2517P140
2025-02-05,-2.7,NVDA2517P140
2025-02-06,-1.65,NVDA2517P140
2025-02-07,-0.31,NVDA2517P140
2025-02-10,-2.35,NVDA2517P140
2025-02-11,-0.6,NVDA2517P140
2025-02-12,-0.95,NVDA2517P140
2025-02-13,-1.46,NVDA2517P140
2025-02-14,-1.6,NVDA2517P140
2025-02-18,0.44,NVDA2517P140
2025-02-19,-0.35,NVDA2517P140
2025-02-20,-0.25,NVDA2517P140
2025-02-21,2.94,NVDA2517P140
2025-02-24,3.8,NVDA2517P140
2025-02-25,2.29,NVDA2517P140
2025-02-26,-1.35,NVDA2517P140
2025-02-27,9.55,NVDA2517P140
2025-02-28,-7.1,NVDA2517P140
2025-03-03,7.19,NVDA2517P140
2025-03-04,-8.3,NVDA2517P140
2025-03-05,-2.2,NVDA2517P140
2025-03-06,2.0,NVDA2517P140
2025-03-07,-1.06,NVDA2517P140
2025-03-10,2.14,NVDA2517P140
2025-03-11,-3.31,NVDA2517P140
2025-03-12,-1.4,NVDA2517P140
2025-03-13,0.4,NVDA2517P140
2025-03-14,-3.31,NVDA2517P140
2025-03-17,-0.15,NVDA2517P140
2025-03-18,1.75,NVDA2517P140
2025-03-19,-1.75,NVDA2517P140
2025-03-20,-2.2,NVDA2517P140
2025-03-21,-0.85,NVDA2517P140
2025-03-24,-2.85,NVDA2517P140
2025-03-25,-0.66,NVDA2517P140
2025-03-26,4.3,NVDA2517P140
2025-03-27,-0.66,NVDA2517P140
2025-03-28,0.75,NVDA2517P140
2025-03-31,-3.91,NVDA2517P140
2025-04-01,-0.3,NVDA2517P140
2025-04-02,-1.25,NVDA2517P140
2025-04-03,2.39,NVDA2517P140
2025-04-04,0.9,NVDA2517P140
2025-04-07,-10.05,NVDA2517P140
2025-04-08,7.2,NVDA2517P140
2025-04-09,-12.2,NVDA2517P140
2025-04-10,2.25,NVDA2517P140
2025-04-11,-2.15,NVDA2517P140
2025-04-14,0.75,NVDA2517P140
2025-04-15,-0.15,NVDA2517P140
2025-04-16,0.04,NVDA2517P140
2025-04-17,-0.05,NVDA2517P140
2024-11-08,0.65,NVDA2517P145
2024-11-11,0.3,NVDA2517P145
2024-11-12,0.0,NVDA2517P145
2024-11-13,-0.1,NVDA2517P145
2024-11-14,0.04,NVDA2517P145
2024-11-15,1.3,NVDA2517P145
2024-11-18,-1.0,NVDA2517P145
2024-11-19,-2.2,NVDA2517P145
2024-11-20,-0.31,NVDA2517P145
2024-11-21,2.15,NVDA2517P145
2024-11-22,1.7,NVDA2517P145
2024-11-25,2.3,NVDA2517P145
2024-11-26,0.34,NVDA2517P145
2024-11-27,-0.65,NVDA2517P145
2024-11-29,-1.46,NVDA2517P145
2024-12-02,0.14,NVDA2517P145
2024-12-03,0.3,NVDA2517P145
2024-12-04,-2.0,NVDA2517P145
2024-12-05,-0.3,NVDA2517P145
2024-12-06,1.6,NVDA2517P145
2024-12-09,-0.5,NVDA2517P145
2024-12-10,2.25,NVDA2517P145
2024-12-11,-0.7,NVDA2517P145
2024-12-12,-0.75,NVDA2517P145
2024-12-13,1.5,NVDA2517P145
2024-12-16,0.25,NVDA2517P145
2024-12-17,-1.5,NVDA2517P145
2024-12-18,2.09,NVDA2517P145
2024-12-19,0.25,NVDA2517P145
2024-12-20,-4.4,NVDA2517P145
2024-12-23,-1.16,NVDA2517P145
2024-12-24,0.64,NVDA2517P145
2024-12-26,0.25,NVDA2517P145
2024-12-27,1.05,NVDA2517P145
2024-12-30,-0.9,NVDA2517P145
2024-12-31,0.7,NVDA2517P145
2025-01-02,-0.65,NVDA2517P145
2025-01-03,-1.31,NVDA2517P145
2025-01-06,-0.35,NVDA2517P145
2025-01-07,4.5,NVDA2517P145
2025-01-08,0.64,NVDA2517P145
2025-01-10,0.55,NVDA2517P145
2025-01-13,-1.75,NVDA2517P145
2025-01-14,2.45,NVDA2517P145
2025-01-15,-1.7,NVDA2517P145
2025-01-16,1.34,NVDA2517P145
2025-01-17,-1.4,NVDA2517P145
2025-01-21,-1.5,NVDA2517P145
2025-01-22,-1.0,NVDA2517P145
2025-01-23,-1.31,NVDA2517P145
2025-01-24,2.59,NVDA2517P145
2025-01-27,3.3,NVDA2517P145
2025-01-28,-6.56,NVDA2517P145
2025-01-29,1.55,NVDA2517P145
2025-01-30,0.5,NVDA2517P145
2025-01-31,1.75,NVDA2517P145
2025-02-03,-2.6,NVDA2517P145
2025-02-04,-1.0,NVDA2517P145
2025-02-05,-1.66,NVDA2517P145
2025-02-06,-1.95,NVDA2517P145
2025-02-07,-0.45,NVDA2517P145
2025-02-10,-2.75,NVDA2517P145
2025-02-11,0.19,NVDA2517P145
2025-02-12,-1.35,NVDA2517P145
2025-02-13,-0.56,NVDA2517P145
2025-02-14,-2.05,NVDA2517P145
2025-02-18,0.89,NVDA2517P145
2025-02-19,-0.96,NVDA2517P145
2025-02-20,-0.1,NVDA2517P145
2025-02-21,3.5,NVDA2517P145
2025-02-24,4.0,NVDA2517P145
2025-02-25,1.14,NVDA2517P145
2025-02-26,-1.35,NVDA2517P145
2025-02-27,7.69,NVDA2517P145
2025-02-28,-5.0,NVDA2517P145
2025-03-03,8.94,NVDA2517P145
2025-03-04,-8.5,NVDA2517P145
2025-03-05,-2.55,NVDA2517P145
2025-03-06,2.35,NVDA2517P145
2025-03-07,-0.96,NVDA2517P145
2025-03-10,2.85,NVDA2517P145
2025-03-11,-2.96,NVDA2517P145
2025-03-12,-1.6,NVDA2517P145
2025-03-13,0.34,NVDA2517P145
2025-03-14,-3.45,NVDA2517P145
2025-03-17,-0.15,NVDA2517P145
2025-03-18,0.55,NVDA2517P145
2025-03-19,-3.06,NVDA2517P145
2025-03-20,-1.86,NVDA2517P145
2025-03-21,-0.11,NVDA2517P145
2025-03-24,-1.81,NVDA2517P145
2025-03-25,-0.61,NVDA2517P145
2025-03-26,4.35,NVDA2517P145
2025-03-27,-1.55,NVDA2517P145
2025-03-28,-1.3,NVDA2517P145
2025-03-31,-3.05,NVDA2517P145
2025-04-01,-1.55,NVDA2517P145
2025-04-02,-2.45,NVDA2517P145
2025-04-03,-0.25,NVDA2517P145
2025-04-04,-1.35,NVDA2517P145
2025-04-07,-0.8,NVDA2517P145
2025-04-08,3.04,NVDA2517P145
2025-04-09,-13.15,NVDA2517P145
2025-04-10,0.0,NVDA2517P145
2025-04-11,-1.75,NVDA2517P145
2025-04-14,1.25,NVDA2517P145
2025-04-15,-1.2,NVDA2517P145
2025-04-16,2.14,NVDA2517P145
2025-04-17,-0.05,NVDA2517P145
2024-11-08,0.34,NVDA2517P150
2024-11-11,0.0,NVDA2517P150
2024-11-12,-0.7,NVDA2517P150
2024-11-13,0.75,NVDA2517P150
2024-11-14,0.65,NVDA2517P150
2024-11-15,1.75,NVDA2517P150
2024-11-18,-0.5,NVDA2517P150
2024-11-19,-1.86,NVDA2517P150
2024-11-20,0.2,NVDA2517P150
2024-11-21,1.19,NVDA2517P150
2024-11-22,0.75,NVDA2517P150
2024-11-25,0.69,NVDA2517P150
2024-11-26,0.0,NVDA2517P150
2024-11-27,-1.25,NVDA2517P150
2024-11-29,-1.96,NVDA2517P150
2024-12-02,0.0,NVDA2517P150
2024-12-03,-0.7,NVDA2517P150
2024-12-04,-1.4,NVDA2517P150
2024-12-05,-0.2,NVDA2517P150
2024-12-06,1.15,NVDA2517P150
2024-12-09,-0.31,NVDA2517P150
2024-12-10,2.69,NVDA2517P150
2024-12-11,-1.36,NVDA2517P150
2024-12-12,-0.65,NVDA2517P150
2024-12-13,2.44,NVDA2517P150
2024-12-16,0.14,NVDA2517P150
2024-12-17,-1.0,NVDA2517P150
2024-12-18,3.3,NVDA2517P150
2024-12-19,-0.1,NVDA2517P150
2024-12-20,-4.75,NVDA2517P150
2024-12-23,-1.75,NVDA2517P150
2024-12-24,0.09,NVDA2517P150
2024-12-26,0.34,NVDA2517P150
2024-12-27,0.69,NVDA2517P150
2024-12-30,-1.81,NVDA2517P150
2024-12-31,0.6,NVDA2517P150
2025-01-02,-0.45,NVDA2517P150
2025-01-03,-2.0,NVDA2517P150
2025-01-06,-0.1,NVDA2517P150
2025-01-07,5.25,NVDA2517P150
2025-01-08,0.89,NVDA2517P150
2025-01-10,0.1,NVDA2517P150
2025-01-13,-0.9,NVDA2517P150
2025-01-14,2.7,NVDA2517P150
2025-01-15,-1.95,NVDA2517P150
2025-01-16,2.39,NVDA2517P150
2025-01-17,-1.0,NVDA2517P150
2025-01-21,-1.75,NVDA2517P150
2025-01-22,-0.35,NVDA2517P150
2025-01-23,-1.45,NVDA2517P150
2025-01-24,2.8,NVDA2517P150
2025-01-27,4.05,NVDA2517P150
2025-01-28,-5.95,NVDA2517P150
2025-01-29,2.25,NVDA2517P150
2025-01-30,-1.06,NVDA2517P150
2025-01-31,3.25,NVDA2517P150
2025-02-03,-2.31,NVDA2517P150
2025-02-04,0.64,NVDA2517P150
2025-02-05,-3.25,NVDA2517P150
2025-02-06,-1.56,NVDA2517P150
2025-02-07,-0.7,NVDA2517P150
2025-02-10,-2.9,NVDA2517P150
2025-02-11,0.64,NVDA2517P150
2025-02-12,0.35,NVDA2517P150
2025-02-13,-1.41,NVDA2517P150
2025-02-14,-3.15,NVDA2517P150
2025-02-18,1.8,NVDA2517P150
2025-02-19,-0.35,NVDA2517P150
2025-02-20,0.0,NVDA2517P150
2025-02-21,3.25,NVDA2517P150
2025-02-24,5.09,NVDA2517P150
2025-02-25,2.19,NVDA2517P150
2025-02-26,-0.7,NVDA2517P150
2025-02-27,10.84,NVDA2517P150
2025-02-28,-4.7,NVDA2517P150
2025-03-03,8.79,NVDA2517P150
2025-03-04,-4.25,NVDA2517P150
2025-03-05,-0.36,NVDA2517P150
2025-03-06,3.89,NVDA2517P150
2025-03-07,-1.55,NVDA2517P150
2025-03-10,1.55,NVDA2517P150
2025-03-11,-3.46,NVDA2517P150
2025-03-12,-0.3,NVDA2517P150
2025-03-13,-1.06,NVDA2517P150
2025-03-14,-2.15,NVDA2517P150
2025-03-17,2.25,NVDA2517P150
2025-03-18,1.95,NVDA2517P150
2025-03-19,0.29,NVDA2517P150
2025-03-20,-2.16,NVDA2517P150
2025-03-21,-1.1,NVDA2517P150
2025-03-24,-1.65,NVDA2517P150
2025-03-25,-0.25,NVDA2517P150
2025-03-26,-0.5,NVDA2517P150
2025-03-27,0.44,NVDA2517P150
2025-03-28,2.09,NVDA2517P150
2025-03-31,-3.46,NVDA2517P150
2025-04-01,-0.71,NVDA2517P150
2025-04-02,-2.75,NVDA2517P150
2025-04-03,1.3,NVDA2517P150
2025-04-04,-0.5,NVDA2517P150
2025-04-07,-1.61,NVDA2517P150
2025-04-08,6.39,NVDA2517P150
2025-04-09,-15.06,NVDA2517P150
2025-04-10,0.14,NVDA2517P150
2025-04-11,-3.15,NVDA2517P150
2025-04-14,-1.46,NVDA2517P150
2025-04-15,0.64,NVDA2517P150
2025-04-16,1.5,NVDA2517P150
2025-04-17,1.5,NVDA2517P150
2024-11-08,0.19,NVDA2517P155
2024-11-11,0.29,NVDA2517P155
2024-11-12,-0.11,NVDA2517P155
2024-11-13,-0.06,NVDA2517P155
2024-11-14,0.09,NVDA2517P155
2024-11-15,0.75,NVDA2517P155
2024-11-18,-0.21,NVDA2517P155
2024-11-19,-0.5,NVDA2517P155
2024-11-20,-1.05,NVDA2517P155
2024-11-21,2.3,NVDA2517P155
2024-11-22,0.25,NVDA2517P155
2024-11-25,1.44,NVDA2517P155
2024-11-26,0.14,NVDA2517P155
2024-11-27,-0.95,NVDA2517P155
2024-11-29,-0.56,NVDA2517P155
2024-12-02,0.35,NVDA2517P155
2024-12-03,-0.21,NVDA2517P155
2024-12-04,-0.66,NVDA2517P155
2024-12-05,-0.25,NVDA2517P155
2024-12-06,0.6,NVDA2517P155
2024-12-09,-0.65,NVDA2517P155
2024-12-10,3.0,NVDA2517P155
2024-12-11,-0.7,NVDA2517P155
2024-12-12,-0.25,NVDA2517P155
2024-12-13,-0.15,NVDA2517P155
2024-12-16,-0.2,NVDA2517P155
2024-12-17,-2.65,NVDA2517P155
2024-12-18,0.55,NVDA2517P155
2024-12-19,-1.25,NVDA2517P155
2024-12-20,-4.45,NVDA2517P155
2024-12-23,-2.21,NVDA2517P155
2024-12-24,0.35,NVDA2517P155
2024-12-26,-0.5,NVDA2517P155
2024-12-27,0.44,NVDA2517P155
2024-12-30,-1.31,NVDA2517P155
2024-12-31,0.0,NVDA2517P155
2025-01-02,-0.6,NVDA2517P155
2025-01-03,-1.65,NVDA2517P155
2025-01-06,0.25,NVDA2517P155
2025-01-07,6.09,NVDA2517P155
2025-01-08,1.44,NVDA2517P155
2025-01-10,-0.65,NVDA2517P155
2025-01-13,-0.7,NVDA2517P155
2025-01-15,-1.31,NVDA2517P155
2025-01-16,-2.16,NVDA2517P155
2025-01-17,-1.65,NVDA2517P155
2025-01-21,-1.6,NVDA2517P155
2025-01-22,-0.5,NVDA2517P155
2025-01-23,-0.75,NVDA2517P155
2025-01-24,3.19,NVDA2517P155
2025-01-27,7.15,NVDA2517P155
2025-01-28,-7.66,NVDA2517P155
2025-01-29,2.14,NVDA2517P155
2025-01-30,0.6,NVDA2517P155
2025-01-31,-0.21,NVDA2517P155
2025-02-03,-1.9,NVDA2517P155
2025-02-04,-1.56,NVDA2517P155
2025-02-05,-1.71,NVDA2517P155
2025-02-06,-0.75,NVDA2517P155
2025-02-07,1.7,NVDA2517P155
2025-02-10,-0.7,NVDA2517P155
2025-02-11,1.0,NVDA2517P155
2025-02-12,-0.36,NVDA2517P155
2025-02-13,0.84,NVDA2517P155
2025-02-14,-1.45,NVDA2517P155
2025-02-18,2.7,NVDA2517P155
2025-02-19,-0.56,NVDA2517P155
2025-02-20,0.05,NVDA2517P155
2025-02-21,3.5,NVDA2517P155
2025-02-24,3.85,NVDA2517P155
2025-02-25,0.95,NVDA2517P155
2025-02-26,-0.85,NVDA2517P155
2025-02-27,7.55,NVDA2517P155
2025-02-28,-4.31,NVDA2517P155
2025-03-03,3.25,NVDA2517P155
2025-03-04,-4.3,NVDA2517P155
2025-03-05,-3.15,NVDA2517P155
2025-03-06,2.35,NVDA2517P155
2025-03-07,-0.3,NVDA2517P155
2025-03-10,3.29,NVDA2517P155
2025-03-11,-4.25,NVDA2517P155
2025-03-12,0.79,NVDA2517P155
2025-03-13,-1.7,NVDA2517P155
2025-03-14,-1.9,NVDA2517P155
2025-03-17,1.89,NVDA2517P155
2025-03-18,0.89,NVDA2517P155
2025-03-19,-0.71,NVDA2517P155
2025-03-20,-0.11,NVDA2517P155
2025-03-21,-1.45,NVDA2517P155
2025-03-24,-1.8,NVDA2517P155
2025-03-25,-1.0,NVDA2517P155
2025-03-26,-0.15,NVDA2517P155
2025-03-27,-0.25,NVDA2517P155
2025-03-28,0.45,NVDA2517P155
2025-03-31,-3.55,NVDA2517P155
2025-04-01,-1.7,NVDA2517P155
2025-04-02,-0.66,NVDA2517P155
2025-04-03,1.1,NVDA2517P155
2025-04-04,-0.5,NVDA2517P155
2025-04-07,-0.65,NVDA2517P155
2025-04-08,-0.25,NVDA2517P155
2025-04-09,-14.25,NVDA2517P155
2025-04-10,0.65,NVDA2517P155
2025-04-11,-1.4,NVDA2517P155
2025-04-14,0.7,NVDA2517P155
2025-04-15,-0.21,NVDA2517P155
2025-04-16,1.25,NVDA2517P155
2024-11-11,0.45,NVDA2517P160
2024-11-12,-0.36,NVDA2517P160
2024-11-13,-0.15,NVDA2517P160
2024-11-14,-0.16,NVDA2517P160
2024-11-15,0.6,NVDA2517P160
2024-11-18,-0.11,NVDA2517P160
2024-11-19,-0.5,NVDA2517P160
2024-11-20,-1.8,NVDA2517P160
2024-11-21,1.7,NVDA2517P160
2024-11-22,-0.2,NVDA2517P160
2024-11-25,1.5,NVDA2517P160
2024-11-26,0.4,NVDA2517P160
2024-11-27,-0.9,NVDA2517P160
2024-11-29,-0.35,NVDA2517P160
2024-12-02,0.69,NVDA2517P160
2024-12-03,0.14,NVDA2517P160
2024-12-04,-2.75,NVDA2517P160
2024-12-05,-0.05,NVDA2517P160
2024-12-06,0.25,NVDA2517P160
2024-12-09,-0.45,NVDA2517P160
2024-12-10,4.19,NVDA2517P160
2024-12-11,-0.8,NVDA2517P160
2024-12-13,-0.15,NVDA2517P160
2024-12-16,-0.15,NVDA2517P160
2024-12-17,-2.15,NVDA2517P160
2024-12-18,5.14,NVDA2517P160
2024-12-19,-0.15,NVDA2517P160
2024-12-20,-0.35,NVDA2517P160
2024-12-23,0.1,NVDA2517P160
2024-12-24,0.19,NVDA2517P160
2024-12-26,-0.25,NVDA2517P160
2024-12-27,-1.16,NVDA2517P160
2024-12-30,-1.2,NVDA2517P160
2024-12-31,0.0,NVDA2517P160
2025-01-02,-0.45,NVDA2517P160
2025-01-03,-1.11,NVDA2517P160
2025-01-06,-0.36,NVDA2517P160
2025-01-07,3.19,NVDA2517P160
2025-01-08,1.15,NVDA2517P160
2025-01-10,-1.6,NVDA2517P160
2025-01-13,-4.9,NVDA2517P160
2025-01-14,1.39,NVDA2517P160
2025-01-15,-2.4,NVDA2517P160
2025-01-16,0.65,NVDA2517P160
2025-01-17,-0.11,NVDA2517P160
2025-01-21,-1.36,NVDA2517P160
2025-01-22,-0.6,NVDA2517P160
2025-01-23,-1.16,NVDA2517P160
2025-01-24,2.44,NVDA2517P160
2025-01-27,6.19,NVDA2517P160
2025-01-28,-9.45,NVDA2517P160
2025-01-29,-0.06,NVDA2517P160
2025-01-30,-3.05,NVDA2517P160
2025-01-31,-0.11,NVDA2517P160
2025-02-03,-2.3,NVDA2517P160
2025-02-04,-0.46,NVDA2517P160
2025-02-05,-2.2,NVDA2517P160
2025-02-06,-3.0,NVDA2517P160
2025-02-07,0.85,NVDA2517P160
2025-02-10,-0.75,NVDA2517P160
2025-02-11,-0.1,NVDA2517P160
2025-02-12,0.19,NVDA2517P160
2025-02-13,1.25,NVDA2517P160
2025-02-14,-1.7,NVDA2517P160
2025-02-18,0.8,NVDA2517P160
2025-02-19,-1.21,NVDA2517P160
2025-02-20,-1.9,NVDA2517P160
2025-02-21,4.0,NVDA2517P160
2025-02-24,5.55,NVDA2517P160
2025-02-25,0.85,NVDA2517P160
2025-02-26,-1.5,NVDA2517P160
2025-02-27,7.2,NVDA2517P160
2025-02-28,-1.21,NVDA2517P160
2025-03-03,6.05,NVDA2517P160
2025-03-04,-9.4,NVDA2517P160
2025-03-05,-0.05,NVDA2517P160
2025-03-06,1.9,NVDA2517P160
2025-03-07,-0.61,NVDA2517P160
2025-03-10,2.05,NVDA2517P160
2025-03-11,-3.4,NVDA2517P160
2025-03-12,-1.86,NVDA2517P160
2025-03-13,0.55,NVDA2517P160
2025-03-14,-1.06,NVDA2517P160
2025-03-17,0.0,NVDA2517P160
2025-03-18,0.54,NVDA2517P160
2025-03-19,-0.25,NVDA2517P160
2025-03-20,0.55,NVDA2517P160
2025-03-21,-0.9,NVDA2517P160
2025-03-24,-1.8,NVDA2517P160
2025-03-25,0.75,NVDA2517P160
2025-03-26,-0.25,NVDA2517P160
2025-03-27,-0.45,NVDA2517P160
2025-04-02,-1.05,NVDA2517P160
2025-04-03,-0.36,NVDA2517P160
2025-04-08,-0.71,NVDA2517P160
2025-04-09,-14.21,NVDA2517P160
2025-04-10,0.3,NVDA2517P160
2025-04-14,1.1,NVDA2517P160
2025-04-15,-1.25,NVDA2517P160
2024-11-08,-0.15,NVDA2517P165
2024-11-11,-0.36,NVDA2517P165
2024-11-13,-0.11,NVDA2517P165
2024-11-14,-0.5,NVDA2517P165
2024-11-15,1.34,NVDA2517P165
2024-11-19,-2.0,NVDA2517P165
2024-11-20,-1.11,NVDA2517P165
2024-11-21,1.8,NVDA2517P165
2024-11-22,1.3,NVDA2517P165
2024-11-25,-0.55,NVDA2517P165
2024-11-26,0.1,NVDA2517P165
2024-11-27,-0.41,NVDA2517P165
2024-11-29,-0.06,NVDA2517P165
2024-12-03,0.25,NVDA2517P165
2024-12-04,-0.65,NVDA2517P165
2024-12-09,-0.3,NVDA2517P165
2024-12-10,-0.31,NVDA2517P165
2024-12-12,-0.25,NVDA2517P165
2024-12-13,-0.9,NVDA2517P165
2024-12-18,-0.15,NVDA2517P165
2024-12-19,0.0,NVDA2517P165
2024-12-23,-1.81,NVDA2517P165
2024-12-24,-0.11,NVDA2517P165
2024-12-27,-0.25,NVDA2517P165
2024-12-30,-0.16,NVDA2517P165
2024-12-31,-0.16,NVDA2517P165
2025-01-02,-0.9,NVDA2517P165
2025-01-03,-0.61,NVDA2517P165
2025-01-06,0.14,NVDA2517P165
2025-01-07,6.3,NVDA2517P165
2025-01-08,-0.2,NVDA2517P165
2025-01-10,-1.15,NVDA2517P165
2025-01-13,-0.4,NVDA2517P165
2025-01-15,-0.25,NVDA2517P165
2025-01-16,-0.2,NVDA2517P165
2025-01-17,-1.7,NVDA2517P165
2025-01-21,-1.5,NVDA2517P165
2025-01-22,-0.95,NVDA2517P165
2025-01-23,-0.31,NVDA2517P165
2025-01-24,3.65,NVDA2517P165
2025-01-27,5.7,NVDA2517P165
2025-01-28,-10.95,NVDA2517P165
2025-01-29,2.54,NVDA2517P165
2025-01-30,1.04,NVDA2517P165
2025-01-31,0.79,NVDA2517P165
2025-02-03,-0.95,NVDA2517P165
2025-02-04,-0.5,NVDA2517P165
2025-02-05,-1.31,NVDA2517P165
2025-02-07,0.4,NVDA2517P165
2025-02-10,-0.6,NVDA2517P165
2025-02-12,-0.06,NVDA2517P165
2025-02-13,-0.75,NVDA2517P165
2025-02-14,-0.2,NVDA2517P165
2025-02-18,0.3,NVDA2517P165
2025-02-19,-0.95,NVDA2517P165
2025-02-21,3.6,NVDA2517P165
2025-02-24,2.95,NVDA2517P165
2025-02-25,-0.86,NVDA2517P165
2025-02-26,0.2,NVDA2517P165
2025-02-27,8.15,NVDA2517P165
2025-02-28,-2.75,NVDA2517P165
2025-03-03,5.05,NVDA2517P165
2025-03-04,-4.75,NVDA2517P165
2025-03-05,-2.05,NVDA2517P165
2025-03-06,-0.21,NVDA2517P165
2025-03-07,-0.4,NVDA2517P165
2025-03-11,-0.5,NVDA2517P165
2025-03-12,0.39,NVDA2517P165
2025-03-13,-0.61,NVDA2517P165
2025-03-14,-0.75,NVDA2517P165
2025-03-17,0.85,NVDA2517P165
2025-03-18,1.0,NVDA2517P165
2025-03-19,-0.25,NVDA2517P165
2025-03-20,-0.15,NVDA2517P165
2025-03-21,-0.46,NVDA2517P165
2025-03-24,-0.05,NVDA2517P165
2025-03-27,-0.9,NVDA2517P165
2025-03-28,-0.56,NVDA2517P165
2025-04-03,-0.06,NVDA2517P165
2025-04-04,-0.55,NVDA2517P165
2025-04-08,-0.61,NVDA2517P165
2025-04-09,-0.3,NVDA2517P165
2025-04-10,-1.3,NVDA2517P165
2025-04-11,-1.46,NVDA2517P165
2025-04-14,-0.75,NVDA2517P165
2025-04-16,-1.5,NVDA2517P165
2024-11-08,-0.04,NVDA2517P70
2024-11-11,-0.08,NVDA2517P70
2024-11-12,-0.1,NVDA2517P70
2024-11-13,0.02,NVDA2517P70
2024-11-15,-0.03,NVDA2517P70
2024-11-18,-0.16,NVDA2517P70
2024-11-19,-0.07,NVDA2517P70
2024-11-20,-0.1,NVDA2517P70
2024-11-21,0.01,NVDA2517P70
2024-11-22,-0.04,NVDA2517P70
2024-11-25,0.0,NVDA2517P70
2024-11-26,-0.03,NVDA2517P70
2024-11-29,-0.03,NVDA2517P70
2024-12-02,-0.02,NVDA2517P70
2024-12-03,-0.02,NVDA2517P70
2024-12-04,-0.03,NVDA2517P70
2024-12-06,-0.01,NVDA2517P70
2024-12-09,-0.02,NVDA2517P70
2024-12-10,0.02,NVDA2517P70
2024-12-12,-0.02,NVDA2517P70
2024-12-13,0.07,NVDA2517P70
2024-12-16,-0.04,NVDA2517P70
2024-12-19,0.1,NVDA2517P70
2024-12-20,0.01,NVDA2517P70
2024-12-23,-0.07,NVDA2517P70
2024-12-24,-0.03,NVDA2517P70
2024-12-26,-0.02,NVDA2517P70
2024-12-27,0.0,NVDA2517P70
2024-12-30,-0.13,NVDA2517P70
2024-12-31,0.03,NVDA2517P70
2025-01-02,-0.05,NVDA2517P70
2025-01-03,-0.03,NVDA2517P70
2025-01-06,-0.02,NVDA2517P70
2025-01-07,0.05,NVDA2517P70
2025-01-08,-0.03,NVDA2517P70
2025-01-10,-0.02,NVDA2517P70
2025-01-13,-0.11,NVDA2517P70
2025-01-14,-0.03,NVDA2517P70
2025-01-15,-0.06,NVDA2517P70
2025-01-16,-0.02,NVDA2517P70
2025-01-17,-0.03,NVDA2517P70
2025-01-21,-0.02,NVDA2517P70
2025-01-22,-0.01,NVDA2517P70
2025-01-23,-0.01,NVDA2517P70
2025-01-24,0.01,NVDA2517P70
2025-01-27,0.26,NVDA2517P70
2025-01-28,-0.29,NVDA2517P70
2025-01-29,0.17,NVDA2517P70
2025-01-30,0.04,NVDA2517P70
2025-01-31,0.15,NVDA2517P70
2025-02-03,-0.33,NVDA2517P70
2025-02-04,-0.11,NVDA2517P70
2025-02-05,0.36,NVDA2517P70
2025-02-06,-0.04,NVDA2517P70
2025-02-07,0.0,NVDA2517P70
2025-02-10,-0.1,NVDA2517P70
2025-02-11,0.01,NVDA2517P70
2025-02-12,-0.03,NVDA2517P70
2025-02-13,-0.02,NVDA2517P70
2025-02-14,-0.02,NVDA2517P70
2025-02-18,-0.02,NVDA2517P70
2025-02-19,-0.02,NVDA2517P70
2025-02-20,0.0,NVDA2517P70
2025-02-21,0.07,NVDA2517P70
2025-02-24,0.04,NVDA2517P70
2025-02-25,0.04,NVDA2517P70
2025-02-26,-0.1,NVDA2517P70
2025-02-27,0.17,NVDA2517P70
2025-02-28,-0.14,NVDA2517P70
2025-03-03,0.17,NVDA2517P70
2025-03-04,-0.23,NVDA2517P70
2025-03-05,-0.11,NVDA2517P70
2025-03-06,0.06,NVDA2517P70
2025-03-07,-0.09,NVDA2517P70
2025-03-10,0.13,NVDA2517P70
2025-03-11,-0.12,NVDA2517P70
2025-03-12,-0.05,NVDA2517P70
2025-03-13,-0.05,NVDA2517P70
2025-03-14,-0.05,NVDA2517P70
2025-03-17,-0.05,NVDA2517P70
2025-03-18,-0.05,NVDA2517P70
2025-03-19,-0.03,NVDA2517P70
2025-03-20,-0.03,NVDA2517P70
2025-03-21,-0.03,NVDA2517P70
2025-03-24,0.0,NVDA2517P70
2025-03-25,-0.03,NVDA2517P70
2025-03-26,-0.03,NVDA2517P70
2025-03-27,-0.01,NVDA2517P70
2025-03-28,0.0,NVDA2517P70
2025-03-31,-0.03,NVDA2517P70
2025-04-01,-0.04,NVDA2517P70
2025-04-02,-0.05,NVDA2517P70
2025-04-03,0.01,NVDA2517P70
2025-04-04,0.38,NVDA2517P70
2025-04-07,-0.89,NVDA2517P70
2025-04-08,0.41,NVDA2517P70
2025-04-09,-0.43,NVDA2517P70
2025-04-10,0.03,NVDA2517P70
2025-04-11,-0.13,NVDA2517P70
2025-04-14,0.01,NVDA2517P70
2025-04-15,-0.01,NVDA2517P70
2025-04-16,-0.05,NVDA2517P70
2025-04-17,-0.01,NVDA2517P70
2025-04-08,0.71,NVDA2517P71
2025-04-09,-0.47,NVDA2517P71
2025-04-10,0.0,NVDA2517P71
2025-04-11,-0.16,NVDA2517P71
2025-04-14,-0.04,NVDA2517P71
2025-04-15,-0.01,NVDA2517P71
2025-04-16,-0.02,NVDA2517P71
2025-04-17,-0.01,NVDA2517P71
2025-04-08,0.64,NVDA2517P72
2025-04-09,-0.49,NVDA2517P72
2025-04-10,0.11,NVDA2517P72
2025-04-11,-0.13,NVDA2517P72
2025-04-14,-0.04,NVDA2517P72
2025-04-15,-0.01,NVDA2517P72
2025-04-16,-0.05,NVDA2517P72
2025-04-08,0.6,NVDA2517P73
2025-04-09,-0.54,NVDA2517P73
2025-04-10,0.07,NVDA2517P73
2025-04-11,-0.15,NVDA2517P73
2025-04-14,-0.02,NVDA2517P73
2025-04-15,-0.01,NVDA2517P73
2025-04-16,-0.03,NVDA2517P73
2025-04-08,0.69,NVDA2517P74
2025-04-09,-0.59,NVDA2517P74
2025-04-10,-0.03,NVDA2517P74
2025-04-11,-0.13,NVDA2517P74
2025-04-14,-0.04,NVDA2517P74
2025-04-15,-0.01,NVDA2517P74
2025-04-16,-0.04,NVDA2517P74
2025-04-17,-0.01,NVDA2517P74
2024-11-11,-0.11,NVDA2517P75
2024-11-12,0.75,NVDA2517P75
2024-11-13,-0.03,NVDA2517P75
2024-11-14,0.03,NVDA2517P75
2024-11-15,0.01,NVDA2517P75
2024-11-18,-0.11,NVDA2517P75
2024-11-19,-0.15,NVDA2517P75
2024-11-20,-0.1,NVDA2517P75
2024-11-21,-0.08,NVDA2517P75
2024-11-22,-0.02,NVDA2517P75
2024-11-25,0.0,NVDA2517P75
2024-11-27,-0.06,NVDA2517P75
2024-12-02,-0.02,NVDA2517P75
2024-12-03,-0.04,NVDA2517P75
2024-12-06,-0.01,NVDA2517P75
2024-12-09,-0.03,NVDA2517P75
2024-12-10,0.06,NVDA2517P75
2024-12-11,-0.05,NVDA2517P75
2024-12-13,-0.02,NVDA2517P75
2024-12-16,-0.05,NVDA2517P75
2024-12-17,-0.04,NVDA2517P75
2024-12-18,0.17,NVDA2517P75
2024-12-19,0.15,NVDA2517P75
2024-12-20,-0.18,NVDA2517P75
2024-12-23,-0.09,NVDA2517P75
2024-12-24,-0.04,NVDA2517P75
2024-12-26,0.0,NVDA2517P75
2024-12-27,0.02,NVDA2517P75
2024-12-30,-0.13,NVDA2517P75
2024-12-31,0.03,NVDA2517P75
2025-01-02,-0.02,NVDA2517P75
2025-01-03,-0.07,NVDA2517P75
2025-01-06,-0.02,NVDA2517P75
2025-01-07,0.02,NVDA2517P75
2025-01-08,-0.02,NVDA2517P75
2025-01-10,-0.02,NVDA2517P75
2025-01-13,-0.13,NVDA2517P75
2025-01-14,-0.06,NVDA2517P75
2025-01-15,-0.02,NVDA2517P75
2025-01-16,-0.01,NVDA2517P75
2025-01-17,-0.04,NVDA2517P75
2025-01-21,-0.04,NVDA2517P75
2025-01-22,-0.02,NVDA2517P75
2025-01-23,-0.05,NVDA2517P75
2025-01-24,0.01,NVDA2517P75
2025-01-27,0.19,NVDA2517P75
2025-01-28,-0.34,NVDA2517P75
2025-01-29,0.28,NVDA2517P75
2025-01-30,0.19,NVDA2517P75
2025-01-31,0.17,NVDA2517P75
2025-02-03,-0.49,NVDA2517P75
2025-02-04,-0.15,NVDA2517P75
2025-02-05,-0.1,NVDA2517P75
2025-02-06,-0.06,NVDA2517P75
2025-02-07,0.04,NVDA2517P75
2025-02-10,-0.04,NVDA2517P75
2025-02-11,-0.03,NVDA2517P75
2025-02-12,-0.03,NVDA2517P75
2025-02-13,-0.06,NVDA2517P75
2025-02-14,-0.03,NVDA2517P75
2025-02-18,0.0,NVDA2517P75
2025-02-19,-0.03,NVDA2517P75
2025-02-20,-0.02,NVDA2517P75
2025-02-21,0.09,NVDA2517P75
2025-02-24,0.09,NVDA2517P75
2025-02-25,0.04,NVDA2517P75
2025-02-26,-0.1,NVDA2517P75
2025-02-27,0.39,NVDA2517P75
2025-02-28,-0.19,NVDA2517P75
2025-03-03,0.25,NVDA2517P75
2025-03-04,-0.27,NVDA2517P75
2025-03-05,-0.13,NVDA2517P75
2025-03-06,0.08,NVDA2517P75
2025-03-07,-0.14,NVDA2517P75
2025-03-10,0.14,NVDA2517P75
2025-03-11,-0.22,NVDA2517P75
2025-03-12,-0.03,NVDA2517P75
2025-03-13,-0.09,NVDA2517P75
2025-03-14,-0.09,NVDA2517P75
2025-03-17,-0.04,NVDA2517P75
2025-03-18,-0.03,NVDA2517P75
2025-03-19,-0.05,NVDA2517P75
2025-03-20,-0.02,NVDA2517P75
2025-03-21,-0.03,NVDA2517P75
2025-03-24,0.07,NVDA2517P75
2025-03-25,-0.01,NVDA2517P75
2025-03-26,0.08,NVDA2517P75
2025-03-27,-0.02,NVDA2517P75
2025-03-28,0.01,NVDA2517P75
2025-03-31,-0.06,NVDA2517P75
2025-04-01,-0.06,NVDA2517P75
2025-04-02,-0.04,NVDA2517P75
2025-04-03,0.01,NVDA2517P75
2025-04-04,0.58,NVDA2517P75
2025-04-07,-1.13,NVDA2517P75
2025-04-08,0.59,NVDA2517P75
2025-04-09,-0.63,NVDA2517P75
2025-04-10,0.01,NVDA2517P75
2025-04-11,-0.19,NVDA2517P75
2025-04-14,-0.06,NVDA2517P75
2025-04-15,-0.02,NVDA2517P75
2025-04-16,-0.06,NVDA2517P75
2025-04-17,-0.01,NVDA2517P75
2025-04-08,0.87,NVDA2517P76
2025-04-09,-0.73,NVDA2517P76
2025-04-10,0.21,NVDA2517P76
2025-04-11,-0.2,NVDA2517P76
2025-04-14,-0.04,NVDA2517P76
2025-04-15,-0.01,NVDA2517P76
2025-04-16,-0.03,NVDA2517P76
2025-04-17,-0.01,NVDA2517P76
2025-04-08,0.97,NVDA2517P77
2025-04-09,-0.75,NVDA2517P77
2025-04-10,0.13,NVDA2517P77
2025-04-11,0.13,NVDA2517P77
2025-04-14,-0.03,NVDA2517P77
2025-04-15,-0.01,NVDA2517P77
2025-04-16,-0.02,NVDA2517P77
2025-04-08,1.0,NVDA2517P78
2025-04-09,-0.9,NVDA2517P78
2025-04-10,0.13,NVDA2517P78
2025-04-11,-0.1,NVDA2517P78
2025-04-14,-0.06,NVDA2517P78
2025-04-15,-0.03,NVDA2517P78
2025-04-16,-0.08,NVDA2517P78
2025-04-17,-0.01,NVDA2517P78
2025-04-08,1.09,NVDA2517P79
2025-04-09,-0.92,NVDA2517P79
2025-04-10,0.1,NVDA2517P79
2025-04-11,-0.2,NVDA2517P79
2025-04-14,-0.03,NVDA2517P79
2025-04-15,-0.02,NVDA2517P79
2025-04-16,-0.07,NVDA2517P79
2025-04-17,-0.01,NVDA2517P79
2024-11-08,0.02,NVDA2517P80
2024-11-11,-0.05,NVDA2517P80
2024-11-12,-0.03,NVDA2517P80
2024-11-13,-0.02,NVDA2517P80
2024-11-14,0.0,NVDA2517P80
2024-11-15,0.16,NVDA2517P80
2024-11-18,-0.28,NVDA2517P80
2024-11-19,-0.25,NVDA2517P80
2024-11-20,-0.04,NVDA2517P80
2024-11-21,0.08,NVDA2517P80
2024-11-22,-0.02,NVDA2517P80
2024-11-25,0.01,NVDA2517P80
2024-11-26,-0.05,NVDA2517P80
2024-11-27,0.0,NVDA2517P80
2024-11-29,-0.03,NVDA2517P80
2024-12-02,-0.04,NVDA2517P80
2024-12-03,-0.02,NVDA2517P80
2024-12-04,-0.03,NVDA2517P80
2024-12-05,-0.02,NVDA2517P80
2024-12-06,0.03,NVDA2517P80
2024-12-09,0.01,NVDA2517P80
2024-12-10,0.09,NVDA2517P80
2024-12-11,-0.03,NVDA2517P80
2024-12-12,0.0,NVDA2517P80
2024-12-13,0.09,NVDA2517P80
2024-12-16,-0.04,NVDA2517P80
2024-12-17,-0.11,NVDA2517P80
2024-12-18,0.28,NVDA2517P80
2024-12-19,0.01,NVDA2517P80
2024-12-20,-0.39,NVDA2517P80
2024-12-23,-0.77,NVDA2517P80
2024-12-24,-0.05,NVDA2517P80
2024-12-27,-0.03,NVDA2517P80
2024-12-30,-0.18,NVDA2517P80
2024-12-31,0.0,NVDA2517P80
2025-01-02,-0.08,NVDA2517P80
2025-01-03,-0.04,NVDA2517P80
2025-01-06,-0.03,NVDA2517P80
2025-01-07,0.06,NVDA2517P80
2025-01-08,-0.07,NVDA2517P80
2025-01-10,-0.09,NVDA2517P80
2025-01-13,-0.18,NVDA2517P80
2025-01-14,0.05,NVDA2517P80
2025-01-15,-0.06,NVDA2517P80
2025-01-16,0.0,NVDA2517P80
2025-01-17,-0.02,NVDA2517P80
2025-01-21,-0.04,NVDA2517P80
2025-01-22,-0.05,NVDA2517P80
2025-01-23,-0.05,NVDA2517P80
2025-01-24,0.03,NVDA2517P80
2025-01-27,0.35,NVDA2517P80
2025-01-28,-0.49,NVDA2517P80
2025-01-29,0.48,NVDA2517P80
2025-01-30,0.2,NVDA2517P80
2025-01-31,0.17,NVDA2517P80
2025-02-03,-0.42,NVDA2517P80
2025-02-04,1.0,NVDA2517P80
2025-02-05,-0.17,NVDA2517P80
2025-02-06,-0.09,NVDA2517P80
2025-02-07,0.02,NVDA2517P80
2025-02-10,-0.15,NVDA2517P80
2025-02-11,-0.01,NVDA2517P80
2025-02-12,-0.11,NVDA2517P80
2025-02-13,-0.04,NVDA2517P80
2025-02-14,-0.04,NVDA2517P80
2025-02-18,0.03,NVDA2517P80
2025-02-19,-0.04,NVDA2517P80
2025-02-20,0.01,NVDA2517P80
2025-02-21,0.15,NVDA2517P80
2025-02-24,0.17,NVDA2517P80
2025-02-25,0.1,NVDA2517P80
2025-02-26,-0.11,NVDA2517P80
2025-02-27,0.35,NVDA2517P80
2025-02-28,-0.29,NVDA2517P80
2025-03-03,0.43,NVDA2517P80
2025-03-04,-0.39,NVDA2517P80
2025-03-05,-0.19,NVDA2517P80
2025-03-06,0.14,NVDA2517P80
2025-03-07,0.59,NVDA2517P80
2025-03-10,0.24,NVDA2517P80
2025-03-11,-0.2,NVDA2517P80
2025-03-12,-0.09,NVDA2517P80
2025-03-13,0.45,NVDA2517P80
2025-03-14,-0.1,NVDA2517P80
2025-03-17,-0.05,NVDA2517P80
2025-03-18,-0.03,NVDA2517P80
2025-03-19,-0.06,NVDA2517P80
2025-03-20,-0.03,NVDA2517P80
2025-03-21,-0.04,NVDA2517P80
2025-03-24,-0.02,NVDA2517P80
2025-03-25,-0.03,NVDA2517P80
2025-03-26,0.0,NVDA2517P80
2025-03-27,-0.03,NVDA2517P80
2025-03-28,0.02,NVDA2517P80
2025-03-31,0.18,NVDA2517P80
2025-04-01,-0.08,NVDA2517P80
2025-04-02,-0.08,NVDA2517P80
2025-04-03,-0.02,NVDA2517P80
2025-04-04,1.52,NVDA2517P80
2025-04-07,-1.87,NVDA2517P80
2025-04-08,0.91,NVDA2517P80
2025-04-09,-0.96,NVDA2517P80
2025-04-10,0.06,NVDA2517P80
2025-04-11,-0.25,NVDA2517P80
2025-04-14,-0.07,NVDA2517P80
2025-04-15,-0.03,NVDA2517P80
2025-04-16,-0.07,NVDA2517P80
2025-04-17,-0.01,NVDA2517P80
2025-04-08,1.13,NVDA2517P81
2025-04-09,-1.1,NVDA2517P81
2025-04-10,0.07,NVDA2517P81
2025-04-11,-0.25,NVDA2517P81
2025-04-14,-0.07,NVDA2517P81
2025-04-15,-0.01,NVDA2517P81
2025-04-16,-0.05,NVDA2517P81
2025-04-17,-0.02,NVDA2517P81
2025-04-07,-2.12,NVDA2517P82
2025-04-08,1.19,NVDA2517P82
2025-04-09,-1.11,NVDA2517P82
2025-04-10,0.07,NVDA2517P82
2025-04-11,-0.26,NVDA2517P82
2025-04-14,-0.07,NVDA2517P82
2025-04-15,-0.03,NVDA2517P82
2025-04-16,-0.03,NVDA2517P82
2025-04-17,0.0,NVDA2517P82
2025-04-07,-2.14,NVDA2517P83
2025-04-08,1.29,NVDA2517P83
2025-04-09,-1.3,NVDA2517P83
2025-04-10,0.09,NVDA2517P83
2025-04-11,-0.25,NVDA2517P83
2025-04-14,-0.07,NVDA2517P83
2025-04-15,-0.01,NVDA2517P83
2025-04-16,-0.03,NVDA2517P83
2025-04-17,0.0,NVDA2517P83
2025-04-07,-2.43,NVDA2517P84
2025-04-08,0.76,NVDA2517P84
2025-04-09,-1.44,NVDA2517P84
2025-04-10,0.07,NVDA2517P84
2025-04-11,-0.31,NVDA2517P84
2025-04-14,-0.08,NVDA2517P84
2025-04-15,-0.01,NVDA2517P84
2025-04-16,-0.04,NVDA2517P84
2025-04-17,-0.01,NVDA2517P84
2024-11-08,-0.04,NVDA2517P85
2024-11-11,-0.03,NVDA2517P85
2024-11-12,-0.14,NVDA2517P85
2024-11-13,-0.02,NVDA2517P85
2024-11-14,0.02,NVDA2517P85
2024-11-15,0.19,NVDA2517P85
2024-11-18,-0.45,NVDA2517P85
2024-11-19,-0.13,NVDA2517P85
2024-11-20,-0.06,NVDA2517P85
2024-11-21,0.01,NVDA2517P85
2024-11-22,0.02,NVDA2517P85
2024-11-25,0.02,NVDA2517P85
2024-11-26,-0.06,NVDA2517P85
2024-11-27,-0.12,NVDA2517P85
2024-11-29,-0.06,NVDA2517P85
2024-12-02,-0.03,NVDA2517P85
2024-12-03,0.0,NVDA2517P85
2024-12-04,-0.07,NVDA2517P85
2024-12-05,0.03,NVDA2517P85
2024-12-06,-0.03,NVDA2517P85
2024-12-09,0.0,NVDA2517P85
2024-12-10,0.02,NVDA2517P85
2024-12-11,-0.12,NVDA2517P85
2024-12-12,-0.07,NVDA2517P85
2024-12-13,0.09,NVDA2517P85
2024-12-16,0.03,NVDA2517P85
2024-12-17,-0.07,NVDA2517P85
2024-12-18,0.35,NVDA2517P85
2024-12-19,0.27,NVDA2517P85
2024-12-20,-0.42,NVDA2517P85
2024-12-23,-0.13,NVDA2517P85
2024-12-24,-0.02,NVDA2517P85
2024-12-26,0.01,NVDA2517P85
2024-12-27,-0.03,NVDA2517P85
2024-12-30,-0.26,NVDA2517P85
2024-12-31,0.04,NVDA2517P85
2025-01-02,0.1,NVDA2517P85
2025-01-03,-0.09,NVDA2517P85
2025-01-06,-0.1,NVDA2517P85
2025-01-07,0.03,NVDA2517P85
2025-01-08,0.01,NVDA2517P85
2025-01-10,-0.12,NVDA2517P85
2025-01-13,-0.26,NVDA2517P85
2025-01-14,0.11,NVDA2517P85
2025-01-15,-0.16,NVDA2517P85
2025-01-16,-0.02,NVDA2517P85
2025-01-17,-0.07,NVDA2517P85
2025-01-21,-0.05,NVDA2517P85
2025-01-22,-0.03,NVDA2517P85
2025-01-23,-0.05,NVDA2517P85
2025-01-24,0.07,NVDA2517P85
2025-01-27,0.65,NVDA2517P85
2025-01-28,-0.62,NVDA2517P85
2025-01-29,0.56,NVDA2517P85
2025-01-30,0.07,NVDA2517P85
2025-01-31,0.26,NVDA2517P85
2025-02-03,-1.76,NVDA2517P85
2025-02-04,-0.52,NVDA2517P85
2025-02-05,-0.23,NVDA2517P85
2025-02-06,0.74,NVDA2517P85
2025-02-07,0.06,NVDA2517P85
2025-02-10,-0.21,NVDA2517P85
2025-02-11,0.0,NVDA2517P85
2025-02-12,-0.03,NVDA2517P85
2025-02-13,-0.11,NVDA2517P85
2025-02-14,-0.03,NVDA2517P85
2025-02-18,0.0,NVDA2517P85
2025-02-19,-0.02,NVDA2517P85
2025-02-20,0.0,NVDA2517P85
2025-02-21,0.19,NVDA2517P85
2025-02-24,0.2,NVDA2517P85
2025-02-25,0.16,NVDA2517P85
2025-02-26,-0.24,NVDA2517P85
2025-02-27,0.51,NVDA2517P85
2025-02-28,-0.44,NVDA2517P85
2025-03-03,0.63,NVDA2517P85
2025-03-04,-0.57,NVDA2517P85
2025-03-05,-0.21,NVDA2517P85
2025-03-06,0.2,NVDA2517P85
2025-03-07,-0.32,NVDA2517P85
2025-03-10,0.36,NVDA2517P85
2025-03-11,-0.36,NVDA2517P85
2025-03-12,-0.11,NVDA2517P85
2025-03-13,-0.03,NVDA2517P85
2025-03-14,-0.15,NVDA2517P85
2025-03-17,-0.04,NVDA2517P85
2025-03-18,-0.06,NVDA2517P85
2025-03-19,-0.1,NVDA2517P85
2025-03-20,-0.09,NVDA2517P85
2025-03-21,-0.06,NVDA2517P85
2025-03-24,-0.03,NVDA2517P85
2025-03-25,0.12,NVDA2517P85
2025-03-26,-0.32,NVDA2517P85
2025-03-27,-0.06,NVDA2517P85
2025-03-28,0.02,NVDA2517P85
2025-03-31,-0.23,NVDA2517P85
2025-04-01,-0.1,NVDA2517P85
2025-04-02,-0.14,NVDA2517P85
2025-04-03,0.07,NVDA2517P85
2025-04-04,1.37,NVDA2517P85
2025-04-07,-2.86,NVDA2517P85
2025-04-08,1.39,NVDA2517P85
2025-04-09,-1.49,NVDA2517P85
2025-04-10,0.09,NVDA2517P85
2025-04-11,0.21,NVDA2517P85
2025-04-14,-0.08,NVDA2517P85
2025-04-15,-0.04,NVDA2517P85
2025-04-16,-0.06,NVDA2517P85
2025-04-17,0.0,NVDA2517P85
2025-04-07,-3.05,NVDA2517P86
2025-04-08,1.61,NVDA2517P86
2025-04-09,-1.66,NVDA2517P86
2025-04-10,0.12,NVDA2517P86
2025-04-11,-0.36,NVDA2517P86
2025-04-14,-0.06,NVDA2517P86
2025-04-15,-0.05,NVDA2517P86
2025-04-16,-0.07,NVDA2517P86
2025-04-17,-0.02,NVDA2517P86
2025-04-07,-3.18,NVDA2517P87
2025-04-08,1.66,NVDA2517P87
2025-04-09,-2.44,NVDA2517P87
2025-04-10,0.17,NVDA2517P87
2025-04-11,-0.37,NVDA2517P87
2025-04-14,-0.08,NVDA2517P87
2025-04-15,-0.06,NVDA2517P87
2025-04-16,-0.09,NVDA2517P87
2025-04-17,0.0,NVDA2517P87
2025-04-07,-3.53,NVDA2517P88
2025-04-08,1.83,NVDA2517P88
2025-04-09,0.37,NVDA2517P88
2025-04-10,0.15,NVDA2517P88
2025-04-11,-0.43,NVDA2517P88
2025-04-14,-0.08,NVDA2517P88
2025-04-15,-0.04,NVDA2517P88
2025-04-16,-0.09,NVDA2517P88
2025-04-17,-0.02,NVDA2517P88
2025-04-07,-3.7,NVDA2517P89
2025-04-08,1.93,NVDA2517P89
2025-04-09,-2.2,NVDA2517P89
2025-04-10,0.16,NVDA2517P89
2025-04-11,-0.38,NVDA2517P89
2025-04-14,0.09,NVDA2517P89
2025-04-15,0.02,NVDA2517P89
2025-04-16,-0.09,NVDA2517P89
2025-04-17,-0.02,NVDA2517P89
2024-11-08,0.05,NVDA2517P90
2024-11-11,0.04,NVDA2517P90
2024-11-12,-0.16,NVDA2517P90
2024-11-13,-0.05,NVDA2517P90
2024-11-14,0.01,NVDA2517P90
2024-11-15,0.38,NVDA2517P90
2024-11-18,-0.37,NVDA2517P90
2024-11-19,-0.38,NVDA2517P90
2024-11-20,-0.14,NVDA2517P90
2024-11-21,0.18,NVDA2517P90
2024-11-22,0.12,NVDA2517P90
2024-11-25,1.62,NVDA2517P90
2024-11-26,-0.06,NVDA2517P90
2024-11-27,-0.08,NVDA2517P90
2024-11-29,-0.07,NVDA2517P90
2024-12-02,-0.04,NVDA2517P90
2024-12-03,-0.08,NVDA2517P90
2024-12-04,-0.14,NVDA2517P90
2024-12-05,0.09,NVDA2517P90
2024-12-06,0.02,NVDA2517P90
2024-12-09,-0.04,NVDA2517P90
2024-12-10,0.29,NVDA2517P90
2024-12-11,-0.16,NVDA2517P90
2024-12-12,-0.06,NVDA2517P90
2024-12-13,0.29,NVDA2517P90
2024-12-16,-0.07,NVDA2517P90
2024-12-17,-0.07,NVDA2517P90
2024-12-18,0.44,NVDA2517P90
2024-12-19,0.07,NVDA2517P90
2024-12-20,-0.65,NVDA2517P90
2024-12-23,-0.16,NVDA2517P90
2024-12-24,-0.06,NVDA2517P90
2024-12-26,-0.05,NVDA2517P90
2024-12-27,0.03,NVDA2517P90
2024-12-30,-0.38,NVDA2517P90
2024-12-31,0.06,NVDA2517P90
2025-01-02,-0.17,NVDA2517P90
2025-01-03,-0.1,NVDA2517P90
2025-01-06,-0.04,NVDA2517P90
2025-01-07,0.19,NVDA2517P90
2025-01-08,-0.07,NVDA2517P90
2025-01-10,1.19,NVDA2517P90
2025-01-13,-0.42,NVDA2517P90
2025-01-14,0.18,NVDA2517P90
2025-01-15,-0.15,NVDA2517P90
2025-01-16,0.81,NVDA2517P90
2025-01-17,-0.13,NVDA2517P90
2025-01-21,-0.11,NVDA2517P90
2025-01-22,-0.05,NVDA2517P90
2025-01-23,-0.06,NVDA2517P90
2025-01-24,0.1,NVDA2517P90
2025-01-27,-17.39,NVDA2517P90
2025-01-28,-0.99,NVDA2517P90
2025-01-29,0.9,NVDA2517P90
2025-01-30,0.18,NVDA2517P90
2025-01-31,0.39,NVDA2517P90
2025-02-03,-0.91,NVDA2517P90
2025-02-04,-0.69,NVDA2517P90
2025-02-05,-0.31,NVDA2517P90
2025-02-06,-0.22,NVDA2517P90
2025-02-07,0.06,NVDA2517P90
2025-02-10,-0.32,NVDA2517P90
2025-02-11,-0.02,NVDA2517P90
2025-02-12,-0.18,NVDA2517P90
2025-02-13,-0.15,NVDA2517P90
2025-02-14,-0.08,NVDA2517P90
2025-02-18,0.02,NVDA2517P90
2025-02-19,-0.05,NVDA2517P90
2025-02-20,-0.02,NVDA2517P90
2025-02-21,0.29,NVDA2517P90
2025-02-24,0.29,NVDA2517P90
2025-02-25,0.23,NVDA2517P90
2025-02-26,-0.26,NVDA2517P90
2025-02-27,0.79,NVDA2517P90
2025-02-28,-0.63,NVDA2517P90
2025-03-03,0.93,NVDA2517P90
2025-03-04,-0.92,NVDA2517P90
2025-03-05,-0.3,NVDA2517P90
2025-03-06,0.32,NVDA2517P90
2025-03-07,-0.45,NVDA2517P90
2025-03-10,0.51,NVDA2517P90
2025-03-11,-0.47,NVDA2517P90
2025-03-12,-0.86,NVDA2517P90
2025-03-13,0.94,NVDA2517P90
2025-03-14,-0.21,NVDA2517P90
2025-03-17,-0.04,NVDA2517P90
2025-03-18,-0.02,NVDA2517P90
2025-03-19,-0.13,NVDA2517P90
2025-03-20,-0.13,NVDA2517P90
2025-03-21,-0.12,NVDA2517P90
2025-03-24,-0.05,NVDA2517P90
2025-03-25,-0.03,NVDA2517P90
2025-03-26,0.1,NVDA2517P90
2025-03-27,-0.05,NVDA2517P90
2025-03-28,0.03,NVDA2517P90
2025-03-31,-0.44,NVDA2517P90
2025-04-01,-0.18,NVDA2517P90
2025-04-02,-0.24,NVDA2517P90
2025-04-03,0.15,NVDA2517P90
2025-04-04,1.87,NVDA2517P90
2025-04-07,-4.86,NVDA2517P90
2025-04-08,1.94,NVDA2517P90
2025-04-09,0.42,NVDA2517P90
2025-04-10,0.18,NVDA2517P90
2025-04-11,-0.47,NVDA2517P90
2025-04-14,-0.09,NVDA2517P90
2025-04-15,0.03,NVDA2517P90
2025-04-16,-0.11,NVDA2517P90
2025-04-17,-0.02,NVDA2517P90
2025-04-07,-4.25,NVDA2517P91
2025-04-08,2.34,NVDA2517P91
2025-04-09,-2.59,NVDA2517P91
2025-04-10,-0.53,NVDA2517P91
2025-04-11,-0.52,NVDA2517P91
2025-04-14,-0.1,NVDA2517P91
2025-04-15,-0.08,NVDA2517P91
2025-04-16,-0.1,NVDA2517P91
2025-04-17,-0.1,NVDA2517P91
2025-04-07,-4.75,NVDA2517P92
2025-04-08,2.36,NVDA2517P92
2025-04-09,-2.88,NVDA2517P92
2025-04-10,0.25,NVDA2517P92
2025-04-11,-0.56,NVDA2517P92
2025-04-14,-0.08,NVDA2517P92
2025-04-15,-0.09,NVDA2517P92
2025-04-16,-0.09,NVDA2517P92
2025-04-17,0.0,NVDA2517P92
2025-04-07,-5.06,NVDA2517P93
2025-04-08,2.45,NVDA2517P93
2025-04-09,-3.15,NVDA2517P93
2025-04-10,1.12,NVDA2517P93
2025-04-11,-0.53,NVDA2517P93
2025-04-14,-0.08,NVDA2517P93
2025-04-15,-0.08,NVDA2517P93
2025-04-16,-0.15,NVDA2517P93
2025-04-17,-0.08,NVDA2517P93
2025-04-07,-4.86,NVDA2517P94
2025-04-08,2.63,NVDA2517P94
2025-04-09,-3.41,NVDA2517P94
2025-04-10,0.31,NVDA2517P94
2025-04-11,-0.68,NVDA2517P94
2025-04-14,-0.08,NVDA2517P94
2025-04-15,-0.11,NVDA2517P94
2025-04-16,-0.17,NVDA2517P94
2025-04-17,-0.04,NVDA2517P94
2024-11-08,-0.02,NVDA2517P95
2024-11-11,0.02,NVDA2517P95
2024-11-12,-0.23,NVDA2517P95
2024-11-13,-0.05,NVDA2517P95
2024-11-14,0.06,NVDA2517P95
2024-11-15,0.41,NVDA2517P95
2024-11-18,-0.57,NVDA2517P95
2024-11-19,-0.57,NVDA2517P95
2024-11-20,-0.26,NVDA2517P95
2024-11-21,0.31,NVDA2517P95
2024-11-22,0.05,NVDA2517P95
2024-11-25,0.14,NVDA2517P95
2024-11-26,-0.15,NVDA2517P95
2024-11-27,-0.11,NVDA2517P95
2024-12-02,-0.02,NVDA2517P95
2024-12-03,-0.05,NVDA2517P95
2024-12-04,-0.19,NVDA2517P95
2024-12-05,0.03,NVDA2517P95
2024-12-06,0.1,NVDA2517P95
2024-12-09,0.03,NVDA2517P95
2024-12-10,0.25,NVDA2517P95
2024-12-11,-0.17,NVDA2517P95
2024-12-12,-0.08,NVDA2517P95
2024-12-13,0.2,NVDA2517P95
2024-12-16,-0.04,NVDA2517P95
2024-12-17,-0.29,NVDA2517P95
2024-12-18,0.62,NVDA2517P95
2024-12-19,0.06,NVDA2517P95
2024-12-20,-0.95,NVDA2517P95
2024-12-23,-0.2,NVDA2517P95
2024-12-24,-0.21,NVDA2517P95
2024-12-26,0.03,NVDA2517P95
2024-12-27,-0.02,NVDA2517P95
2024-12-30,-0.42,NVDA2517P95
2024-12-31,0.06,NVDA2517P95
2025-01-02,0.01,NVDA2517P95
2025-01-03,-0.26,NVDA2517P95
2025-01-06,-0.09,NVDA2517P95
2025-01-07,0.35,NVDA2517P95
2025-01-08,0.01,NVDA2517P95
2025-01-10,-0.13,NVDA2517P95
2025-01-13,-0.42,NVDA2517P95
2025-01-14,0.26,NVDA2517P95
2025-01-15,-0.35,NVDA2517P95
2025-01-16,0.09,NVDA2517P95
2025-01-17,-0.13,NVDA2517P95
2025-01-21,-0.2,NVDA2517P95
2025-01-22,-0.1,NVDA2517P95
2025-01-23,-0.06,NVDA2517P95
2025-01-24,0.08,NVDA2517P95
2025-01-27,1.14,NVDA2517P95
2025-01-28,-1.21,NVDA2517P95
2025-01-29,1.24,NVDA2517P95
2025-01-30,0.29,NVDA2517P95
2025-01-31,0.34,NVDA2517P95
2025-02-03,-2.1,NVDA2517P95
2025-02-04,-0.71,NVDA2517P95
2025-02-05,-0.57,NVDA2517P95
2025-02-06,-0.3,NVDA2517P95
2025-02-07,0.07,NVDA2517P95
2025-02-10,-0.44,NVDA2517P95
2025-02-11,0.0,NVDA2517P95
2025-02-12,-0.24,NVDA2517P95
2025-02-13,-0.22,NVDA2517P95
2025-02-14,-0.12,NVDA2517P95
2025-02-18,0.01,NVDA2517P95
2025-02-19,-0.05,NVDA2517P95
2025-02-20,-0.03,NVDA2517P95
2025-02-21,0.42,NVDA2517P95
2025-02-24,0.48,NVDA2517P95
2025-02-25,0.33,NVDA2517P95
2025-02-26,-0.36,NVDA2517P95
2025-02-27,1.16,NVDA2517P95
2025-02-28,-0.95,NVDA2517P95
2025-03-03,1.37,NVDA2517P95
2025-03-04,2.25,NVDA2517P95
2025-03-05,-0.37,NVDA2517P95
2025-03-06,0.47,NVDA2517P95
2025-03-07,-0.66,NVDA2517P95
2025-03-10,-0.31,NVDA2517P95
2025-03-11,-0.67,NVDA2517P95
2025-03-12,-0.33,NVDA2517P95
2025-03-13,-0.02,NVDA2517P95
2025-03-14,-0.35,NVDA2517P95
2025-03-17,0.73,NVDA2517P95
2025-03-18,0.03,NVDA2517P95
2025-03-19,-0.18,NVDA2517P95
2025-03-20,-0.23,NVDA2517P95
2025-03-21,-0.2,NVDA2517P95
2025-03-24,-0.12,NVDA2517P95
2025-03-25,0.23,NVDA2517P95
2025-03-26,0.26,NVDA2517P95
2025-03-27,-0.1,NVDA2517P95
2025-03-28,0.12,NVDA2517P95
2025-03-31,-0.85,NVDA2517P95
2025-04-01,-0.35,NVDA2517P95
2025-04-02,-0.46,NVDA2517P95
2025-04-03,0.31,NVDA2517P95
2025-04-04,2.65,NVDA2517P95
2025-04-07,-5.45,NVDA2517P95
2025-04-08,2.73,NVDA2517P95
2025-04-09,-3.72,NVDA2517P95
2025-04-10,1.37,NVDA2517P95
2025-04-11,-0.68,NVDA2517P95
2025-04-14,-0.08,NVDA2517P95
2025-04-15,0.05,NVDA2517P95
2025-04-16,0.1,NVDA2517P95
2025-04-17,-0.05,NVDA2517P95
2025-04-07,-5.75,NVDA2517P96
2025-04-08,2.92,NVDA2517P96
2025-04-09,-4.0,NVDA2517P96
2025-04-10,0.4,NVDA2517P96
2025-04-11,-0.7,NVDA2517P96
2025-04-14,-0.05,NVDA2517P96
2025-04-15,-0.16,NVDA2517P96
2025-04-16,-0.25,NVDA2517P96
2025-04-17,-0.06,NVDA2517P96
2025-04-07,-5.95,NVDA2517P97
2025-04-08,3.31,NVDA2517P97
2025-04-09,-4.24,NVDA2517P97
2025-04-10,0.43,NVDA2517P97
2025-04-11,-0.79,NVDA2517P97
2025-04-14,0.28,NVDA2517P97
2025-04-15,-0.17,NVDA2517P97
2025-04-16,-0.27,NVDA2517P97
2025-04-17,-0.08,NVDA2517P97
2025-04-07,-6.31,NVDA2517P98
2025-04-08,3.2,NVDA2517P98
2025-04-09,-4.66,NVDA2517P98
2025-04-10,0.5,NVDA2517P98
2025-04-11,-0.92,NVDA2517P98
2025-04-14,-0.02,NVDA2517P98
2025-04-15,-0.22,NVDA2517P98
2025-04-16,-0.34,NVDA2517P98
2025-04-17,-0.23,NVDA2517P98
2025-04-07,-6.65,NVDA2517P99
2025-04-08,3.4,NVDA2517P99
2025-04-09,0.81,NVDA2517P99
2025-04-10,-0.46,NVDA2517P99
2025-04-11,-1.01,NVDA2517P99
2025-04-14,0.01,NVDA2517P99
2025-04-15,0.07,NVDA2517P99
2025-04-16,-0.46,NVDA2517P99
2025-04-17,-0.15,NVDA2517P99
